epoch,train_acc
0,0.6246584220852018
1,0.7040917092909192
2,0.7362996601737668
3,0.7588383285454036
4,0.7731178181053812
5,0.7840165621496636
6,0.7966407125840808
7,0.8041477631025785
8,0.8115814619534754
9,0.816651485426009
10,0.8221878941283632
11,0.8273684925028026
12,0.8310327914798207
13,0.8348799222253364
14,0.8392897806894619
15,0.8410129974775785
16,0.8442163852298207
17,0.8461410454035875
18,0.8491276625560538
19,0.850130500280269
