epoch,train_loss
0,1.6700195523120898
1,1.3052431965088096
2,1.1680549265557876
3,1.0750811260377344
4,1.0165252829880993
5,0.9685399478861034
6,0.9192684434454538
7,0.8922511283057688
8,0.8587320599320758
9,0.83631937974237
10,0.8156434284197376
11,0.7946094434892116
12,0.7800534204517244
13,0.7647722927444184
14,0.7492358131259012
15,0.7427465814111479
16,0.7311822739951813
17,0.7218376194949642
18,0.7103085982959901
19,0.7060133870941641
