epoch,train_reward
0,0.41802074823678875
1,0.41731704163444416
2,0.4096878607978735
3,0.4010020379528336
4,0.3949565200527687
5,0.3962728625723065
6,0.3895319722960348
7,0.3881868169446697
8,0.3834813918768023
9,0.38072436152552275
10,0.37814473651449776
11,0.37525669274843326
12,0.3724621810987926
13,0.36887734700746067
14,0.36805199534369154
15,0.364563102813045
16,0.365640974499185
17,0.36600364216774567
18,0.3628961463947467
19,0.3617566235931465
