epoch,train_reward
0,0.9799716171176954
1,0.98056559555832
2,0.981592915181456
3,0.9806048685106737
4,0.9829069944633835
5,0.9828300575415293
6,0.9806410231809507
7,0.9825393447930786
8,0.9783507427950014
9,0.97977331828797
10,0.9807987291922514
11,0.9817397834240705
12,0.9840118789124763
13,0.9808203314227619
14,0.9810078575693327
15,0.9781852559796695
16,0.9815766064600012
17,0.9841560882398452
18,0.9823377296842378
19,0.9805501264402237
