epoch,train_loss
0,3.1396058644398606
1,3.117042540323616
2,3.1235802940802997
3,3.126493538960372
4,3.133063537059444
5,3.1437819558795135
6,3.1319198726427437
7,3.1334601994788294
8,3.12617294387062
9,3.133455027448069
10,3.1273731512598473
11,3.123128277240413
12,3.1241250404036873
13,3.1262853074781964
14,3.125115996540183
15,3.127164897352162
16,3.1221959189613266
17,3.121285380703388
18,3.116604671619906
19,3.1274279816315906
