epoch,train_loss
0,3.75710085903048
1,3.673045497304121
2,3.6375062348062146
3,3.6171595002503674
4,3.594272387936511
5,3.5784124248230937
6,3.5705057067186843
7,3.5561681894978068
8,3.54906758492303
9,3.5319009019654963
10,3.527487635077917
11,3.5179525255622353
12,3.5138137832350793
13,3.5068291014085435
14,3.504232708114145
15,3.4956228893433985
16,3.491381337289853
17,3.49134821849019
18,3.485938340559134
19,3.48259119709511
