epoch,train_acc
0,0.25921309621710525
1,0.27202405427631576
2,0.27094469572368424
3,0.2717156661184211
4,0.27740799753289475
5,0.2819695723684211
6,0.27643143503289475
7,0.2758018092105263
8,0.2764828330592105
9,0.2788856907894737
10,0.27664987664473684
11,0.28388414884868424
12,0.28252210115131576
13,0.2826120476973684
14,0.28471936677631576
15,0.28204666940789475
16,0.2863641036184211
17,0.28276624177631576
18,0.2779091282894737
19,0.2813784950657895
