epoch,train_loss
0,3.348246750078703
1,3.179451064059609
2,3.1143465293081185
3,3.0958434657046667
4,3.0547223467575875
5,3.0250213146209717
6,3.045992801063939
7,3.029835951955695
8,3.059541237981696
9,3.0467295897634408
10,3.031547057001214
11,2.9928612332595024
12,3.0221683226133647
13,3.0072626440148604
14,2.994429211867483
15,3.0270690667001823
16,2.9930846440164665
17,2.979712724685669
18,3.037157736326519
19,3.0205816971628288
