epoch,train_reward
0,0.06090975513583735
1,0.12915926779571332
2,0.1481740723707174
3,0.08133255278593615
4,0.06444296162379415
5,0.09376648931126845
6,0.07212196564988087
7,0.05373248281447511
8,0.07827660186510337
9,0.06790802451340776
10,0.11377565288229992
11,0.08197217611105818
12,0.07517827321824275
13,0.08578697984155856
14,0.1012872410447974
15,0.06668279927812125
16,0.0971595688085807
17,0.061212030876623955
18,0.09385055911384131
19,0.08108371064851158
