epoch,train_acc
0,0.2842824835526316
1,0.29159385279605265
2,0.29550010279605265
3,0.29116981907894735
4,0.2919150904605263
5,0.2967722039473684
6,0.2982370476973684
7,0.29776161595394735
8,0.29400956003289475
9,0.29805715460526316
10,0.29496042351973684
11,0.30301706414473684
12,0.29805715460526316
13,0.2995862458881579
14,0.3037237870065789
15,0.3066277754934211
16,0.3113563939144737
17,0.30854235197368424
18,0.30561266447368424
19,0.31147203947368424
