epoch,train_loss
0,3.074423363334254
1,2.948807352467587
2,2.8755577488949426
3,2.8898469523379675
4,2.8744852040943347
5,2.830529150209929
6,2.8196015483454655
7,2.8354394812332955
8,2.852514392451236
9,2.8156425827427913
10,2.820815186751516
11,2.8283500043969405
12,2.810145478499563
13,2.8059294851202714
14,2.7717251777648926
15,2.7603916118019507
16,2.7303529162155953
17,2.7206727203569914
18,2.7426193513368307
19,2.73211407661438
