epoch,train_acc
0,0.7615906366027227
1,0.8373745455600248
2,0.8610017984220297
3,0.8759427212252475
4,0.8856346205909653
5,0.8932319867728961
6,0.8989112778465347
7,0.9025649269028465
8,0.9070573561262376
9,0.9105720142326733
10,0.9126496267790841
11,0.9158065342667079
12,0.9172302850402227
13,0.9191822014232673
14,0.9202747911509901
15,0.9214229772586634
16,0.922862440052599
17,0.9239755762685643
18,0.9251479347153465
19,0.9255878712871287
