epoch,train_loss
0,1.015212603134684
1,0.7037780155049692
2,0.6036943029059042
3,0.5412707625344249
4,0.4995532406143623
5,0.46936220535547424
6,0.4447600483009131
7,0.4300774052591607
8,0.41210655292662063
9,0.3973159015473753
10,0.38796114980584323
11,0.3777595661064186
12,0.37104024819218284
13,0.36291266594192767
14,0.3591256438210459
15,0.3544839838943859
16,0.34801774833462024
17,0.3442825521572982
18,0.33909131247218294
19,0.3369080542337776
