epoch,train_reward
0,0.5527505048430792
1,0.5427416036329648
2,0.5326411144273115
3,0.5283660955063187
4,0.5254765893563186
5,0.5239048041034453
6,0.5198375663839945
7,0.5205344739231733
8,0.5178347648960528
9,0.5164836954952466
10,0.5156943553155011
11,0.5147081933694311
12,0.5145492935829824
13,0.5132163867797002
14,0.5116805851754576
15,0.5122297580289369
16,0.510151613761883
17,0.512052997209058
18,0.5086411361647124
19,0.5094065633740755
