epoch,train_loss
0,2.6424302193197873
1,2.5326825026238318
2,2.49560007954588
3,2.4707666859768405
4,2.4526801852896662
5,2.435619540733866
6,2.4253719289704123
7,2.41482406913644
8,2.4034646147548564
9,2.397940731284642
10,2.3899485297722394
11,2.3831815235685596
12,2.378957992733115
13,2.374372672326494
14,2.3698872599271263
15,2.3645447610628487
16,2.3594305680529906
17,2.360363419693295
18,2.3510826306767982
19,2.3508732118228877
