epoch,train_acc
0,0.20538651315789475
1,0.21429122121710525
2,0.21585886101973684
3,0.2185572574013158
4,0.22331157483552633
5,0.22609991776315788
6,0.21917403371710525
7,0.21422697368421054
8,0.21876284950657895
9,0.21544767680921054
10,0.22259200246710525
11,0.22458367598684212
12,0.21923828125
13,0.21813322368421054
14,0.22078022203947367
15,0.2256373355263158
16,0.21909693667763158
17,0.22034333881578946
18,0.21835166529605263
19,0.2195338199013158
