epoch,train_loss
0,4.0298853673433
1,3.8790269525427568
2,3.810907978760569
3,3.8179694476880526
4,3.794849671815571
5,3.753299411974455
6,3.8023712133106433
7,3.8171123077994897
8,3.7931125164031982
9,3.831593300166883
10,3.7983619413877787
11,3.8012907379551937
12,3.844759225845337
13,3.8413503546463814
14,3.8337510635978296
15,3.7975474282314905
16,3.8229940941459253
17,3.803585968519512
18,3.814936324169761
19,3.8232173668710807
