epoch,train_reward
0,0.0338926578528787
1,0.06185038681877287
2,0.0811660988746505
3,0.05291583810589815
4,0.07108481777341742
5,0.08362875290607151
6,0.06996884334244226
7,0.04425416122141637
8,0.05018620212611399
9,0.08558991335724529
10,0.08080836424702093
11,0.07771478416888337
12,0.06793053565840972
13,0.08059193095878552
14,0.08963263289708841
15,0.04888632521033287
16,0.07429074868559837
17,0.07294189910355367
18,0.11519560296284526
19,0.18521493281188764
