epoch,train_loss
0,3.1931438875198364
1,3.032239918708801
2,3.0075298404693602
3,2.9927338552474976
4,2.9794866847991943
5,2.9883795499801638
6,2.974585552215576
7,2.9607229614257813
8,2.961895203590393
9,2.9519440841674807
10,2.9358902597427368
11,2.932554078102112
12,2.9278162050247194
13,2.9189924144744874
14,2.916303930282593
15,2.9156222248077395
16,2.908691849708557
17,2.8939555263519288
18,2.9005344200134275
19,2.8908802175521853
