epoch,train_acc
0,0.29086143092105265
1,0.3034924958881579
2,0.3076428865131579
3,0.3030813116776316
4,0.30819541529605265
5,0.31097090871710525
6,0.3100328947368421
7,0.3136179070723684
8,0.31551963404605265
9,0.3150570518092105
10,0.3137335526315789
11,0.320068359375
12,0.3153268914473684
13,0.31562243009868424
14,0.31708727384868424
15,0.3160464638157895
16,0.31964432565789475
17,0.31829512746710525
18,0.3184621710526316
19,0.32060803865131576
