epoch,train_loss
0,2.99021221462049
1,2.8134551424729195
2,2.7510116853212057
3,2.760980819400988
4,2.723551875666568
5,2.6959541847831323
6,2.7134245571337248
7,2.683033491435804
8,2.6623271515494897
9,2.663073175831845
10,2.6687272347902
11,2.652499324397037
12,2.6510675957328393
13,2.652321376298603
14,2.6396052711888363
15,2.635343488894011
16,2.619941360072086
17,2.622172581522088
18,2.626243829727173
19,2.6210026490060905
