epoch,train_reward
0,0.01056207089047683
1,0.013792644401914194
2,0.012559004814216965
3,0.012473003497641338
4,0.012564115324302724
5,0.012473293482080886
6,0.016985086822196058
7,0.012021503166148537
8,0.012751091173604914
9,0.01266385178620878
10,0.01459107636228988
11,0.01480019141576792
12,0.013487731841833968
13,0.016618224596114534
14,0.01348079785116409
15,0.016191551853951654
16,0.012672229081784425
17,0.013508153295046404
18,0.013756814265721723
19,0.013877969529283675
