epoch,train_loss
0,3.792894488886783
1,3.6201322078704834
2,3.5991219721342387
3,3.5726469692430998
4,3.5478368809348657
5,3.552584874002557
6,3.553563858333387
7,3.5392337598298726
8,3.5304454000372636
9,3.5240403727481238
10,3.544075037303724
11,3.5192738081279553
12,3.5116991369347823
13,3.5182136109000757
14,3.5211344894609953
15,3.514828556462338
16,3.5033656045010217
17,3.493168354034424
18,3.508082101219579
19,3.5033883546528064
