epoch,train_reward
0,0.28521140547175156
1,0.22658120801574305
2,0.30540118091984797
3,0.28729237929770823
4,0.2088596020874224
5,0.29979955130501795
6,0.26480134145209666
7,0.40648076722496435
8,0.38174148766618027
9,0.35764264746716146
10,0.38443011516018916
11,0.3837425740141618
12,0.3099825303805502
13,0.3094338562927748
14,0.2537223320258291
15,0.31418677380210475
16,0.3757725656032562
17,0.34272730664203044
18,0.33121949826416214
19,0.3664105126732274
