epoch,train_loss,test_loss
0,0.6473288054418083,0.11264333458474049
1,0.17310037673372614,0.0266740143370743
2,0.06708489766074752,0.008820676307480495
3,0.033728832977914854,0.00438277319055767
4,0.01999613283647331,0.002656473187156595
5,0.013065080342638723,0.0017512310066824565
6,0.00921750414304385,0.001272671888448083
7,0.006772795095114721,0.0009541460256934023
8,0.005059621405202945,0.0007704690865816352
9,0.003957506764667604,0.0006575784983187288
