epoch,train_loss
0,3.9229144900369004
1,3.867941419105359
2,3.83737005032766
3,3.826541907049615
4,3.8081975614008883
5,3.7943709195996616
6,3.7876691305049333
7,3.779866929546065
8,3.7717298263926144
9,3.7556382850681187
10,3.74979523692965
11,3.742524304197508
12,3.738837189738526
13,3.7272567888011845
14,3.725169359301238
15,3.713615619548233
16,3.7132298240747152
17,3.706330212776971
18,3.70189516105994
19,3.697824944295156
