epoch,train_loss
0,4.076254691778277
1,4.036325580870624
2,4.0320685775825265
3,4.034287321193336
4,4.023803104734207
5,4.014884248442714
6,4.006678914809975
7,4.003317870366733
8,3.9920115011155337
9,3.983285616331571
10,3.9813307112107896
11,3.981464847855504
12,3.9781163080925364
13,3.9660466561937544
14,3.967644333304846
15,3.9569168283265803
16,3.9513618358047555
17,3.9460345298185477
18,3.946902008869188
19,3.9416233862462065
