epoch,train_loss
0,3.8106596694398887
1,3.719694909493485
2,3.6906462667234274
3,3.66960936276902
4,3.6434977525018257
5,3.6342095366507903
6,3.6243272266045814
7,3.612573276186203
8,3.6062308758363595
9,3.590917462190705
10,3.5840165807527278
11,3.5788938635667877
12,3.5725278041822492
13,3.5647391706304163
14,3.562543448845902
15,3.553670512186572
16,3.547096291999646
17,3.5495045206471945
18,3.541885100138027
19,3.539153440116232
