epoch,train_loss
0,2.4855163860321046
1,2.1241161966323854
2,2.036962578296661
3,2.0391730952262876
4,2.0248772287368775
5,2.0088717246055605
6,1.998601107597351
7,1.9523968553543092
8,1.9754824781417846
9,1.9615013122558593
10,1.9341983699798584
11,1.9697233963012695
12,1.926641263961792
13,1.8818277502059937
14,1.9096660256385802
15,1.8651992082595825
16,1.8298547506332397
17,1.8552502655982972
18,1.817785110473633
19,1.832514204978943
