epoch,train_reward
0,0.4688290536403656
1,0.4846958714723587
2,0.4843312078714371
3,0.4931346595287323
4,0.4887654411792755
5,0.4922394633293152
6,0.47281647741794586
7,0.45965985357761385
8,0.454320096373558
9,0.4550422531366348
10,0.46560061514377593
11,0.4388067454099655
12,0.43604933261871337
13,0.41023913860321043
14,0.4089752054214478
15,0.4142742055654526
16,0.4062098515033722
17,0.39735924363136294
18,0.3977642893791199
19,0.38809502482414243
