epoch,train_loss
0,3.410498176454963
1,3.417729691005074
2,3.4329558295519362
3,3.445460634915818
4,3.4429693200663065
5,3.4559471981407817
6,3.4637025931490912
7,3.467363246353218
8,3.462488359399975
9,3.4709244073773715
10,3.4702620377989626
11,3.4677209030886935
12,3.473059596502193
13,3.4773555144066233
14,3.4794222784683844
15,3.487151646293332
16,3.474246662293849
17,3.4789463458039838
18,3.4816076605843858
19,3.4914026549044213
