epoch,train_loss
0,3.190730433715017
1,3.0512738102360775
2,3.0170347188648425
3,2.9809146303879586
4,2.959531721315886
5,2.9342725402430485
6,2.9496293820832906
7,2.952710063833939
8,2.9367996642464087
9,2.9202104367707906
10,2.9380647508721602
11,2.9306917441518685
12,2.932682049901862
13,2.951421072608546
14,2.911153002789146
15,2.889490930657638
16,2.865154354195846
17,2.8529585411674097
18,2.8801813251093815
19,2.86466918493572
