epoch,train_reward
0,0.1218177082115098
1,0.11750109866261482
2,0.13008796325639674
3,0.1303249907336737
4,0.12697260395476692
5,0.16210209460634933
6,0.1672324518624105
7,0.1503838300704956
8,0.1435389575597487
9,0.13276964112331993
10,0.13786875221290087
11,0.15452641052635094
12,0.16802386782671275
13,0.2009397776503312
14,0.1432653261642707
15,0.15622557072263016
16,0.1351138290606047
17,0.08927506718196367
18,0.16614723715342974
19,0.13064833377536975
