epoch,train_acc
0,0.26800215871710525
1,0.27729235197368424
2,0.2785387541118421
3,0.2784616570723684
4,0.2813527960526316
5,0.2790270353618421
6,0.2739000822368421
7,0.2825734991776316
8,0.28362715871710525
9,0.27948961759868424
10,0.28128854851973684
11,0.285888671875
12,0.2870965254934211
13,0.27803762335526316
14,0.2810829564144737
15,0.2846808182565789
16,0.2896535773026316
17,0.28326737253289475
18,0.2802477384868421
19,0.2898720189144737
