epoch,train_loss
0,3.3362944377096078
1,3.161176380358244
2,3.0925231858303674
3,3.0967121500717965
4,3.0555077979439185
5,3.06647381029631
6,3.0973607238970304
7,3.027052778946726
8,3.03385863806072
9,3.060889821303518
10,3.071906416039718
11,3.04782109511526
12,3.0390965938568115
13,3.0889251734081067
14,3.0838216605939364
15,3.0736827850341797
16,3.0428909126080965
17,3.0512884918012118
18,3.066416916094328
19,3.0212487547021163
