epoch,train_reward
0,0.04732768100343252
1,0.03201607075568877
2,0.03878178388664597
3,0.040133195782178326
4,0.038939819230060825
5,0.046363879681417815
6,0.046948786236737906
7,0.0421337250031923
8,0.03794135565036222
9,0.05503010416501447
10,0.0608103063545729
11,0.04807316923612043
12,0.04232344011727132
13,0.05399841148602335
14,0.043656951894885616
15,0.050188123983772176
16,0.0502360594507895
17,0.06185861108334441
18,0.058701304816886
19,0.04082736000418663
