epoch,train_acc
0,0.29546155427631576
1,0.31009714226973684
2,0.3083367598684211
3,0.30805407072368424
4,0.31279553865131576
5,0.3162777549342105
6,0.3165218955592105
7,0.31987561677631576
8,0.3202868009868421
9,0.3203125
10,0.3210577713815789
11,0.32586348684210525
12,0.3241416529605263
13,0.3218801398026316
14,0.3222784745065789
15,0.3243857935855263
16,0.3246042351973684
17,0.32172594572368424
18,0.3220343338815789
19,0.32489977384868424
