epoch,train_loss
0,2.9416975347619307
1,2.7529016168493974
2,2.7147395861776253
3,2.7346399081380746
4,2.679105332023219
5,2.65303111076355
6,2.6434497582285026
7,2.6324103255020943
8,2.6181655933982446
9,2.610870675036782
10,2.6108951568603516
11,2.5966256292242753
12,2.5879165373350443
13,2.60096906360827
14,2.5872152981005216
15,2.563254143062391
16,2.575715052454095
17,2.5714836246088932
18,2.5599716839037443
19,2.5579051971435547
