epoch,train_reward
0,0.0037659528836804
1,0.0032329182140529156
2,0.00433950752363001
3,0.0046200805196636606
4,0.004398726551842533
5,0.0043704529586983355
6,0.0038971873122806613
7,0.003995716718858794
8,0.004420120955297821
9,0.003520816454271737
10,0.004668549904109616
11,0.004835641685579168
12,0.0041676883732801985
13,0.004433376984180589
14,0.004060011344814771
15,0.003408938719841995
16,0.0039252834884743945
17,0.003547232205930509
18,0.0041956524242107805
19,0.0048446603315441235
