epoch,train_loss
0,3.8046586227416994
1,3.665033531188965
2,3.6435186862945557
3,3.6285837364196776
4,3.6146087789535524
5,3.61254798412323
6,3.600320496559143
7,3.595501766204834
8,3.586475977897644
9,3.5748092222213743
10,3.573328824043274
11,3.5524987459182737
12,3.564534502029419
13,3.5366802787780762
14,3.539028830528259
15,3.5265698432922363
16,3.544365363121033
17,3.512904028892517
18,3.5268846130371094
19,3.5180899143218993
