epoch,train_loss
0,3.927131499944781
1,3.884874308590397
2,3.8578924298821007
3,3.838620944942594
4,3.8221552350595926
5,3.8045009529644065
6,3.8025134443702187
7,3.7892643079629393
8,3.7855063425585826
9,3.771411341936599
10,3.7679302628264835
11,3.759139258765319
12,3.7535646229046877
13,3.742213571018168
14,3.7397952421898264
15,3.7308533245137987
16,3.726650148229214
17,3.7231468887072507
18,3.71724002243692
19,3.7106100165790505
