epoch,train_loss
0,2.7802356269099926
1,2.6882012704811475
2,2.6579140165064596
3,2.637768993283262
4,2.617155901276239
5,2.5997025943038485
6,2.5862890245890853
7,2.5776150745920616
8,2.5632006921390498
9,2.5580345026337272
10,2.548168929496614
11,2.542317288936955
12,2.5364771762696825
13,2.530517779954589
14,2.526766303742286
15,2.5187872376772438
16,2.514205442796839
17,2.5113151451148608
18,2.502981719404164
19,2.5004547621944164
