epoch,train_loss
0,2.7378665359540917
1,2.630374594666492
2,2.596512989066113
3,2.572439038890532
4,2.5469917141158005
5,2.5386956930160522
6,2.5218432607321906
7,2.51102168806668
8,2.4987860918045044
9,2.4832366143149893
10,2.474924678089975
11,2.4707854013333375
12,2.4559989071440422
13,2.45308440307091
14,2.4506543463674086
15,2.43971843692078
16,2.435620684733336
17,2.428072105879071
18,2.426913554641022
19,2.4231711105368605
