epoch,train_reward
0,0.9764736315299725
1,0.9803291110471747
2,0.9779278015953371
3,0.9839388320500824
4,0.9827210635974489
5,0.9823319908531233
6,0.9704308592039963
7,0.9806526899337769
8,0.9775312412744281
9,0.9813389870627173
10,0.9823419746311232
11,0.9767554621586855
12,0.9816231813238955
13,0.979292228646662
14,0.9801374379245714
15,0.9814685315921389
16,0.9802189071973165
17,0.980533307653734
18,0.9838412657551382
19,0.9798214117000843
