epoch,train_acc
0,0.21877569901315788
1,0.22719212582236842
2,0.23061009457236842
3,0.23102127878289475
4,0.23617393092105263
5,0.23443924753289475
6,0.23323139391447367
7,0.23731753700657895
8,0.23694490131578946
9,0.23770302220394737
10,0.24133943256578946
11,0.24513003700657895
12,0.24488589638157895
13,0.24318976151315788
14,0.24694181743421054
15,0.24570826480263158
16,0.24354954769736842
17,0.24284282483552633
18,0.240966796875
19,0.24401212993421054
