epoch,train_loss
0,3.8592487259915003
1,3.757109290675113
2,3.703801518992374
3,3.6791148938630758
4,3.635473652889854
5,3.6428160667419434
6,3.6597939039531506
7,3.6091744021365515
8,3.5981876975611637
9,3.6088818374433016
10,3.5835551839125785
11,3.5559480566727486
12,3.5402365358252275
13,3.5529215210362484
14,3.5456468933507015
15,3.5391731889624345
16,3.580382874137477
17,3.586194301906385
18,3.568801390497308
19,3.5559046770396985
