epoch,train_reward
0,0.07307924075346243
1,0.11660260118936237
2,0.10175853889239461
3,0.15484312137490824
4,0.10695362091064453
5,0.1693556363645353
6,0.14817345534500323
7,0.08892018720507622
8,0.13085717629445226
9,0.11143796538051806
10,0.09547211974859238
11,0.042488655761668555
12,0.08697545704872985
13,0.1398578466553437
14,0.07969804892414495
15,0.12033356686956004
16,0.08504724855485715
17,0.061034181792485084
18,0.13209983549619975
19,0.04675874329711262
