epoch,train_acc
0,0.4448220291479821
1,0.4555696906530269
2,0.4529191774103139
3,0.44875783877522424
4,0.44156828054932734
5,0.43647417145459644
6,0.43361236161715244
7,0.43492064882286996
8,0.433383548206278
9,0.4316471938060538
10,0.42926709641255606
11,0.4263078492853139
12,0.42361354400224216
13,0.4237514889293722
14,0.4181581505745516
15,0.41904712899383406
16,0.4169396370515695
17,0.41631341087443946
18,0.4162630500280269
19,0.41076058015695066
