epoch,train_loss
0,2.8382393191213566
1,3.089396181662521
2,3.2625521405395372
3,3.455600455202864
4,3.635700237590636
5,3.8175803599336224
6,3.956211215177459
7,3.84145188331604
8,4.017214523837171
9,4.055482303080537
10,4.175527612190075
11,4.249717637562431
12,4.30370851375597
13,4.280797463361458
14,4.335812764317465
15,4.48835898300992
16,4.414806573380269
17,4.460174496398379
18,4.503052459169396
19,4.645874607188819
