epoch,train_reward
0,0.5727808758816911
1,0.6106924987961894
2,0.6167278423437623
3,0.6256283246348256
4,0.6212981436819239
5,0.6299264145004375
6,0.6507981566570264
7,0.607227973339269
8,0.6144030219770867
9,0.633999268303003
10,0.6492282045261742
11,0.6357079086816899
12,0.6463580051345141
13,0.641433914279724
14,0.6055515077082031
15,0.640627042862332
16,0.6347288842158467
17,0.6365418014504984
18,0.6211838139546826
19,0.6119574321759655
