epoch,train_loss
0,2.644848118914236
1,2.530471127812225
2,2.494134070849655
3,2.47028909225275
4,2.451725186687885
5,2.4361430264935633
6,2.4250285353991066
7,2.415506478583459
8,2.400751750067909
9,2.3987437002729664
10,2.3896121955153964
11,2.3837030524074443
12,2.3797818563952307
13,2.3721182806657093
14,2.370510759920177
15,2.364903415783797
16,2.3604342335521586
17,2.357688048098347
18,2.351826818862764
19,2.3517728182348874
