epoch,train_acc
0,0.2664242047365471
1,0.2674894461182735
2,0.26858205752522424
3,0.2694513295263453
4,0.2724390414798206
5,0.27163655234024664
6,0.2727215001401345
7,0.2721084115751121
8,0.2730039588004484
9,0.27409438060538116
10,0.27252443595852016
11,0.2732579526345291
12,0.2742016711042601
13,0.27391702284192826
14,0.2746176954876682
15,0.2746461603139013
16,0.2734801972393498
17,0.27638032511210764
18,0.2758832854540359
19,0.2761350896860987
