epoch,train_loss
0,3.4296701670762135
1,3.4326965979931066
2,3.438432058411329
3,3.4520528177509395
4,3.44917593301679
5,3.4597880434027704
6,3.4664756310894886
7,3.478124419669934
8,3.47522955945789
9,3.467150719176493
10,3.472176537920007
11,3.4725057651109226
12,3.4691867646615067
13,3.4767509212408365
14,3.4754878811772096
15,3.474122308294869
16,3.4746892527079902
17,3.474240025062732
18,3.47648862445301
19,3.479998068959189
