epoch,train_acc
0,0.6021792763157895
1,0.7291581003289473
2,0.7828690378289473
3,0.8156481291118421
4,0.831787109375
5,0.8397795024671053
6,0.8509842722039473
7,0.866686369243421
8,0.8773129111842105
9,0.885755037006579
10,0.8884662828947368
11,0.8986045435855263
12,0.9028577302631579
13,0.9083187705592105
14,0.9135099712171053
15,0.9160798725328947
16,0.9170949835526315
17,0.924573396381579
18,0.9280170641447368
19,0.9271304481907895
