epoch,train_loss
0,1.6970755301023785
1,1.081335303030516
2,0.879583543852756
3,0.7549418242354142
4,0.6802306583053187
5,0.6514113294450861
6,0.6077716727005807
7,0.5519884699269345
8,0.505807322891135
9,0.4686385581367894
10,0.4570076010729137
11,0.41074102960134806
12,0.40008659896097687
13,0.3736928450433831
14,0.3561964427170001
15,0.3516442038510975
16,0.33956403795041534
17,0.31609942881684555
18,0.3020856851025632
19,0.3067345446661899
