epoch,train_reward
0,0.01985261309891939
1,0.015160616683332543
2,0.01566842874806178
3,0.013767822743638566
4,0.014470534546202734
5,0.014152259516872857
6,0.014032985573928607
7,0.013547337761050776
8,0.013177586866444662
9,0.013257091276739774
10,0.012182985726547869
11,0.011359956654670992
12,0.011242050922622806
13,0.010869029027066733
14,0.010966310473649125
15,0.010997845350127471
16,0.011282737317838167
17,0.010404152060417752
18,0.010693537267415147
19,0.010591548965557626
