epoch,train_acc
0,0.469833984375
1,0.5062060546875
2,0.5064453125
3,0.501923828125
4,0.4935595703125
5,0.4925244140625
6,0.4846240234375
7,0.484873046875
8,0.4802197265625
9,0.4798828125
10,0.477255859375
11,0.476171875
12,0.4775048828125
13,0.472255859375
14,0.4748876953125
15,0.472041015625
16,0.4781201171875
17,0.477158203125
18,0.47541015625
19,0.472998046875
