epoch,train_acc
0,0.28067960867432734
1,0.28300277641535876
2,0.2845026537976457
3,0.2856237300308296
4,0.28790967453755606
5,0.28688494079316146
6,0.28741701408352016
7,0.2878199008548206
8,0.2883968609865471
9,0.2887964633548206
10,0.2875418213985426
11,0.2881581943665919
12,0.2896679249579596
13,0.2892540901765695
14,0.28952341122477576
15,0.28846473864910316
16,0.2901540166059417
17,0.2900149768778027
18,0.2907736739770179
19,0.2898551359304933
