epoch,train_acc
0,0.40576171875
1,0.43842516447368424
2,0.4662057976973684
3,0.47139699835526316
4,0.4874203330592105
5,0.4769736842105263
6,0.48148386101973684
7,0.47481496710526316
8,0.46597450657894735
9,0.4844006990131579
10,0.4965563322368421
11,0.4924573396381579
12,0.48222913240131576
13,0.48046875
14,0.4847861842105263
15,0.4974172491776316
16,0.48114977384868424
17,0.47977487664473684
18,0.4814324629934211
19,0.4961065995065789
