epoch,train_loss
0,2.7683441387979606
1,2.686028154272782
2,2.5808717075147127
3,2.5461274699160925
4,2.6117610931396484
5,2.6694569336740592
6,2.588029748515079
7,2.6781701037758276
8,2.757595087352552
9,2.631243216364007
10,2.6243060137096204
11,2.729589110926578
12,2.853665514996177
13,2.721030963094611
14,2.7662566962995028
15,2.7622485160827637
16,2.897866625534861
17,2.7896492857682076
18,2.9747464405862907
19,2.8900744413074695
