epoch,train_loss
0,3.652752097290341
1,3.6259347412845875
2,3.6284557793400074
3,3.623560551369544
4,3.615582616022318
5,3.6060677778602828
6,3.603473627921378
7,3.5989783860669275
8,3.596394994471333
9,3.594889984272494
10,3.5892197601866016
11,3.586908212982782
12,3.583976666526039
13,3.581830123863598
14,3.5878148078918457
15,3.5783801975816782
16,3.5766955909162466
17,3.5737925980350758
18,3.5740153518053566
19,3.566871213440848
