epoch,train_loss
0,4.01389407157898
1,3.9118742752075195
2,3.910273995399475
3,3.9207831239700317
4,3.916075596809387
5,3.9222838497161865
6,3.914486413002014
7,3.9180740118026733
8,3.9186655569076536
9,3.9162336874008177
10,3.915540089607239
11,3.8978125286102294
12,3.911136198043823
13,3.9049624967575074
14,3.9229267835617065
15,3.89523964881897
16,3.921751823425293
17,3.897866711616516
18,3.912053356170654
19,3.9012450647354124
