epoch,train_loss
0,2.218166509578968
1,1.887438616533389
2,1.8865861152780468
3,1.9186426401138306
4,1.9261823248589176
5,1.9279539578262417
6,2.032613485023893
7,2.0112582054631463
8,2.0196843948857537
9,2.044271206033641
10,2.032736028062886
11,2.068849112795687
12,2.1149825268778306
13,2.1001561284065247
14,2.1173749812718095
15,2.1781558894562996
16,2.1621822132461372
17,2.2467002471288047
18,2.205853233392211
19,2.2298952121844238
