epoch,train_acc
0,0.211123046875
1,0.2112109375
2,0.2111865234375
3,0.209140625
4,0.205791015625
5,0.20736328125
6,0.207626953125
7,0.206708984375
8,0.2047705078125
9,0.2075390625
10,0.205654296875
11,0.2073779296875
12,0.205341796875
13,0.2084716796875
14,0.2082763671875
15,0.2088525390625
16,0.204619140625
17,0.20697265625
18,0.2071240234375
19,0.207158203125
