epoch,train_loss
0,4.101026673316955
1,4.040742897987366
2,4.049499158859253
3,4.068452816009522
4,4.115582590103149
5,4.109106969833374
6,4.106432094573974
7,4.133183770179748
8,4.14233247756958
9,4.144540815353394
10,4.161054248809815
11,4.1405227088928225
12,4.146948270797729
13,4.141125602722168
14,4.173648920059204
15,4.150963497161865
16,4.181938123703003
17,4.164922733306884
18,4.166518526077271
19,4.180784330368042
