epoch,train_loss
0,2.5450795173645018
1,2.3537105226516726
2,2.4023085832595825
3,2.45264244556427
4,2.546742572784424
5,2.540793013572693
6,2.6649187135696413
7,2.64566207408905
8,2.665094060897827
9,2.714555540084839
10,2.771182918548584
11,2.794170627593994
12,2.868641662597656
13,2.763133625984192
14,2.823877367973328
15,2.8694248819351196
16,2.8094100189208984
17,2.920395698547363
18,2.952850570678711
19,2.9789932107925416
