epoch,train_reward
0,0.9856847965717316
1,0.9798140585422516
2,0.9902169013023376
3,0.9862690305709839
4,0.9929141199588776
5,0.9856871688365936
6,0.9915481758117676
7,0.9940163171291352
8,0.9885613656044007
9,0.9910205852985382
10,0.9886821460723877
11,0.9896987390518188
12,0.9920744502544403
13,0.9916062390804291
14,0.9924223482608795
15,0.991572607755661
16,0.9918690979480743
17,0.9901996457576752
18,0.9915912628173829
19,0.9919458961486817
