epoch,train_acc
0,0.22566303453947367
1,0.23506887335526316
2,0.2400416324013158
3,0.23988743832236842
4,0.23995168585526316
5,0.23914216694078946
6,0.24081260279605263
7,0.24112099095394737
8,0.24128803453947367
9,0.24277857730263158
10,0.24412777549342105
11,0.24249588815789475
12,0.24450041118421054
13,0.24405067845394737
14,0.24759714226973684
15,0.24548982319078946
16,0.244140625
17,0.24466745476973684
18,0.24010587993421054
19,0.24403782894736842
