epoch,train_loss
0,3.828330504266839
1,3.6585191551007723
2,3.625323119916414
3,3.598821150629144
4,3.6032476801621285
5,3.594921952799747
6,3.5972747049833598
7,3.5832235687657406
8,3.584887642609446
9,3.58921480178833
10,3.6089953874286853
11,3.6112633629849085
12,3.5886901679791903
13,3.5803047732303015
14,3.562209129333496
15,3.5703283360129907
16,3.5729821606686243
17,3.5779199600219727
18,3.590536644584254
19,3.5896002744373523
