epoch,train_reward
0,0.012570928292054879
1,0.016886231195377677
2,0.01606393100595788
3,0.01732792607263515
4,0.016471331841067263
5,0.014730052091181278
6,0.01633337718483649
7,0.014097268840200022
8,0.018835466110000487
9,0.0179298405878638
10,0.014392921946158535
11,0.017091847269942884
12,0.019024855359212348
13,0.018570208235790853
14,0.015348474544129874
15,0.019541101236092418
16,0.018774369388426606
17,0.017734990308159275
18,0.01737782114038342
19,0.013816661397485356
