epoch,train_loss
0,3.025907378447683
1,2.869814395904541
2,2.8193284084922388
3,2.8016210857190584
4,2.7746694589916028
5,2.765204329239695
6,2.769980681569953
7,2.7566405848452917
8,2.7389865925437524
9,2.7400606807909513
10,2.741189203764263
11,2.725892506147686
12,2.7250255032589563
13,2.751566171646118
14,2.7210302352905273
15,2.710962734724346
16,2.7077686661168148
17,2.7064881324768066
18,2.6977380200436243
19,2.703380409039949
