epoch,train_reward
0,0.004212490025613653
1,0.004371598706041512
2,0.005055380617513468
3,0.006416117772459984
4,0.006116145437485294
5,0.005513811116351893
6,0.005747861817086998
7,0.0049146994531742835
8,0.0064607875323609305
9,0.00513333147146592
10,0.005910223693047699
11,0.005537830832365312
12,0.005389792329974864
13,0.006037682417388025
14,0.005765164712149846
15,0.005367650405356758
16,0.005110850337108499
17,0.004920997093186567
18,0.006493818014860153
19,0.005765546873015792
