epoch,train_loss
0,4.037550405700608
1,4.062027317462581
2,4.11687956588103
3,4.132583958087581
4,4.154629079422148
5,4.164074725443774
6,4.170038983373359
7,4.174508972923355
8,4.202705262911202
9,4.191631449331151
10,4.19390319125487
11,4.203797925816904
12,4.197744612646575
13,4.192253861096826
14,4.1874866509201505
15,4.203529544395976
16,4.208943536966154
17,4.192269894156126
18,4.195581247310828
19,4.198592929556819
