epoch,train_reward
0,0.7650137549579734
1,0.8132425764999768
2,0.8188969186036894
3,0.8238370244455809
4,0.8371941116776797
5,0.8351841769596138
6,0.8318673221781703
7,0.8422506970934348
8,0.857956708362787
9,0.8406554519540013
10,0.8558221716101807
11,0.8611122582218435
12,0.8719522401247874
13,0.862204631956497
14,0.8658586598858975
15,0.8584316659091723
16,0.8666976622425684
17,0.8629910364599511
18,0.8534852868259544
19,0.8603157899757423
