epoch,train_acc
0,0.2274876644736842
1,0.23724043996710525
2,0.24185341282894737
3,0.24429481907894737
4,0.24234169407894737
5,0.24572111430921054
6,0.24306126644736842
7,0.24570826480263158
8,0.24850945723684212
9,0.24915193256578946
10,0.25033408717105265
11,0.2504625822368421
12,0.2499486019736842
13,0.25053967927631576
14,0.25164473684210525
15,0.24811112253289475
16,0.249267578125
17,0.24790553042763158
18,0.24734015213815788
19,0.25079666940789475
