epoch,train_loss
0,3.8046171414224723
1,3.6230044992346513
2,3.5817945630926835
3,3.549688276491667
4,3.5462764564313387
5,3.533827154259933
6,3.542178430055317
7,3.5290560220417224
8,3.5211792368637886
9,3.508394115849545
10,3.5247564566762826
11,3.5226890664351616
12,3.51191644919546
13,3.5076040217750952
14,3.497972852305362
15,3.5016778017345227
16,3.4981538622002852
17,3.5024474169078625
18,3.5118066260689185
19,3.491550771813644
