epoch,train_reward
0,0.2613544181773537
1,0.2608154016105752
2,0.24310384455480075
3,0.32499977083582626
4,0.2917406955047658
5,0.2183213610398142
6,0.21136353674687838
7,0.29186130746414785
8,0.31489254298963043
9,0.30905659026221227
10,0.3088004691036124
11,0.3819832864560579
12,0.3471274328859229
13,0.3014398397583711
14,0.3588856921384209
15,0.3599834700948314
16,0.3203643293757188
17,0.3235442716824381
18,0.29684395068570185
19,0.34259938095745285
