epoch,train_loss
0,3.0430913019180297
1,2.8499362325668334
2,2.8145814752578735
3,2.7848760175704954
4,2.7664305067062376
5,2.769052186012268
6,2.741431908607483
7,2.720462636947632
8,2.708261833190918
9,2.697299904823303
10,2.68828706741333
11,2.6782014417648314
12,2.6687523698806763
13,2.6568910312652587
14,2.6583409547805785
15,2.6548462200164793
16,2.6435720491409302
17,2.625914764404297
18,2.6316576528549196
19,2.624732451438904
