epoch,train_reward
0,0.9057900285720826
1,0.9325806367397308
2,0.936447196006775
3,0.9355597901344299
4,0.9421945369243622
5,0.9381430554389953
6,0.9448455214500427
7,0.9488889944553375
8,0.9450657486915588
9,0.9426495504379272
10,0.9541717934608459
11,0.9488151454925537
12,0.9432748627662658
13,0.9474854898452759
14,0.9447700119018555
15,0.9443315255641938
16,0.9531240737438202
17,0.950168616771698
18,0.9464833879470825
19,0.948164576292038
