epoch,train_loss
0,3.2103325401186407
1,3.1615655849867337
2,3.1436380901678795
3,3.141578686076964
4,3.1240419892452223
5,3.1189476652530277
6,3.1136704656575294
7,3.1145593371626505
8,3.102355918542152
9,3.0990442395744835
10,3.0989615339869343
11,3.090097183603877
12,3.0859969015078694
13,3.0845385549314353
14,3.0802837220008064
15,3.078707572056039
16,3.069024613085349
17,3.0620644210165393
18,3.0672533993229205
19,3.0657261005966117
