epoch,train_reward
0,0.6684623622573544
1,0.7130910641943927
2,0.7333590834664657
3,0.7406194202033928
4,0.7539983068346443
5,0.7579393429606485
6,0.7575100008147715
7,0.7656265550664723
8,0.775587196307332
9,0.7751279510724705
10,0.7752171808294117
11,0.7750234422127762
12,0.7795932913040367
13,0.7780816990698399
14,0.7828911318372718
15,0.7831124358647608
16,0.7832108885718033
17,0.7861194947375311
18,0.7978957479844714
19,0.7915880901931113
