epoch,train_acc
0,0.23172800164473684
1,0.24416632401315788
2,0.2460423519736842
3,0.24569541529605263
4,0.24674907483552633
5,0.24874074835526316
6,0.24978155838815788
7,0.24984580592105263
8,0.25237715871710525
9,0.24991005345394737
10,0.2508994654605263
11,0.25048828125
12,0.2529039884868421
13,0.2515419407894737
14,0.2517860814144737
15,0.25055252878289475
16,0.2512078536184211
17,0.2548956620065789
18,0.25406044407894735
19,0.25263414884868424
