epoch,train_loss
0,3.7183829859683386
1,3.5581651863298918
2,3.5330138331965397
3,3.515995640503733
4,3.506882491864656
5,3.490119118439524
6,3.4921180950967887
7,3.4792313199294242
8,3.462458459954513
9,3.4883040001517847
10,3.4944194367057397
11,3.485275067781147
12,3.4793096969002173
13,3.4723801612854004
14,3.4645799963097823
15,3.4658712713341964
16,3.450993437516062
17,3.4296615500199166
18,3.4454198636506734
19,3.441697622600355
