epoch,train_loss
0,3.8015229325545463
1,3.6422171718195866
2,3.6015101232026754
3,3.5797597985518608
4,3.5814231069464433
5,3.5806360119267513
6,3.5767209780843636
7,3.5808731380261873
8,3.56873765744661
9,3.553919327886481
10,3.5629846171328894
11,3.54503742017244
12,3.5820162672745552
13,3.5715412842599967
14,3.551299208088925
15,3.5432098162801644
16,3.5451271032032214
17,3.5246239837847257
18,3.5256647436242354
19,3.514161360891242
