epoch,train_loss
0,3.3360495471406257
1,3.287565066896636
2,3.30730100335746
3,3.2858286794574783
4,3.3097618325003264
5,3.3117511669794717
6,3.3038128340381316
7,3.3089848537554687
8,3.3033344800444855
9,3.3038864615319787
10,3.2910576716236686
11,3.286361344929399
12,3.3033503540630997
13,3.299740761175923
14,3.293241496743827
15,3.287478531914196
16,3.2828529031797387
17,3.277461680872687
18,3.2689387524264983
19,3.2789155258529488
