epoch,train_acc
0,0.4268931775990099
1,0.4316647973391089
2,0.4264447807085396
3,0.42116433323019803
4,0.4176339631033416
5,0.41254810295482675
6,0.41033512530940597
7,0.41177821395420794
8,0.40453376392326734
9,0.40394758469987624
10,0.400645643177599
11,0.3981752301206683
12,0.4025129563737624
13,0.3990756497524752
14,0.4024126411664604
15,0.39376256961633666
16,0.39650613010519803
17,0.39172605004641087
18,0.39254790957611385
19,0.3942109665068069
