epoch,train_loss
0,2.8384621450216465
1,3.061432932863141
2,3.3336020519237706
3,3.5286566396751025
4,3.6095229977428325
5,3.7890999812890986
6,3.979127797749963
7,4.029044994033209
8,4.241938366748319
9,4.125759785718257
10,4.151551568862235
11,4.1965380293307915
12,4.425745947526233
13,4.385879835279861
14,4.378170012247445
15,4.428135816413577
16,4.403279616100954
17,4.525685938278047
18,4.652403654438435
19,4.669647920249712
