epoch,train_loss
0,2.8723892107138185
1,3.1494554628705766
2,3.4867721085056598
3,3.6845484496232106
4,3.7883718270357414
5,3.9846350612127193
6,3.9127946188631615
7,4.053522256457752
8,4.128538145612708
9,4.2691210396086685
10,4.2923645149966525
11,4.36857761182058
12,4.4874297514090085
13,4.434169710484321
14,4.568424440820121
15,4.623674572315986
16,4.708480050210995
17,4.678061891564339
18,4.694056718338765
19,4.836905470878019
