epoch,train_reward
0,0.6350476291414868
1,0.6625926401048498
2,0.6656502100384288
3,0.6578234773580269
4,0.6555098621299983
5,0.6617319864542495
6,0.6978934091837417
7,0.6959390159145065
8,0.6556237449560465
9,0.6651286971943261
10,0.6623627800043388
11,0.6763882562184013
12,0.6845334086717512
13,0.678614849466914
14,0.6728134240804766
15,0.6692688807243724
16,0.6678294135850641
17,0.6560439250928939
18,0.6556796835142401
19,0.6867279370269433
