epoch,train_loss
0,3.1740195719115936
1,3.0671259565738285
2,3.0320853524143923
3,3.0076162494351513
4,2.979016496461603
5,2.965473894581132
6,2.9541029545223765
7,2.942982835085403
8,2.9316550006780924
9,2.914834625517841
10,2.910003534881523
11,2.9020866471021165
12,2.8888842311140666
13,2.8802343537454647
14,2.876963397312592
15,2.869441286865371
16,2.8632850411761503
17,2.8519689919168103
18,2.8524082925822167
19,2.845852564268583
