epoch,train_acc
0,0.2240619744955157
1,0.22829119079316143
2,0.2291845484164798
3,0.22893383898542602
4,0.23148910454035873
5,0.23302729995795965
6,0.23224780163957398
7,0.23231458450112108
8,0.2329068718469731
9,0.23342799712724216
10,0.2341724618133408
11,0.23475380114910313
12,0.23485452284192826
13,0.23519391115470853
14,0.23506253503363228
15,0.2364846815442825
16,0.237025513242713
17,0.23648687114630046
18,0.2370430300588565
19,0.2371897333940583
