epoch,train_loss
0,3.9798381210977185
1,3.9225080184337804
2,3.908736843699297
3,3.895585339165589
4,3.877690943901849
5,3.863598654622989
6,3.8634359045413578
7,3.857849976407038
8,3.8422981163846
9,3.8389943704476805
10,3.8289075143668683
11,3.8218563319321706
12,3.820070266723633
13,3.813814612247484
14,3.808589253190387
15,3.799869695586474
16,3.7949044747202922
17,3.7922758713965994
18,3.788615848986023
19,3.779585946301174
