epoch,train_reward
0,0.45857502860873267
1,0.47518280188598977
2,0.4878959539492569
3,0.49105315478393313
4,0.48268624258148296
5,0.4876327975715757
6,0.4874569932708826
7,0.49635793168448544
8,0.494758786374678
9,0.49088222175970203
10,0.48903117171852045
11,0.4850479039643377
12,0.49134769942193823
13,0.4878140686606078
14,0.49653636193061623
15,0.48749281379139475
16,0.4948485787673916
17,0.5022935791133231
18,0.490489736399843
19,0.4923172740123732
