epoch,train_acc
0,0.6188734935538116
1,0.6995143462724215
2,0.7341516605941704
3,0.7560049835341929
4,0.7735852981362108
5,0.7853609777886771
6,0.7971618378643498
7,0.8077321416059418
8,0.8160591980801569
9,0.8217751541479821
10,0.8254514959360987
11,0.8304339353279148
12,0.8358893287556054
13,0.8413381533772422
14,0.8430690337724215
15,0.8449181526765696
16,0.8496126594030269
17,0.8515000963424888
18,0.8546104260089686
19,0.8571043827073991
