epoch,train_loss
0,1.7064351629248649
1,1.3305549712459068
2,1.1808675575684004
3,1.084531100074272
4,1.0110330458713754
5,0.9619442232521126
6,0.9113738355080643
7,0.8682691676734274
8,0.8308383787693999
9,0.8079152860983605
10,0.7918109752137564
11,0.7713369788610347
12,0.7475113224555558
13,0.7272461954788242
14,0.7172496962974959
15,0.7082367638301422
16,0.6919940303793937
17,0.6809016880433121
18,0.6689583918438898
19,0.6596544417030609
