epoch,train_loss
0,1.7240220051709847
1,1.3435625928399808
2,1.1945257716114746
3,1.0968935789014191
4,1.0322405220147206
5,0.9742738703441193
6,0.9331121452720711
7,0.8980153553154436
8,0.8583787770549278
9,0.8367324444745153
10,0.807052210307442
11,0.786048796679407
12,0.7644525603328585
13,0.7443568444572757
14,0.7263745197800777
15,0.7095338341366549
16,0.7010197166370169
17,0.6870755785783844
18,0.6793841131599495
19,0.6665443997212055
