epoch,train_reward
0,0.36227943531066314
1,0.3322569606282786
2,0.31267926070187657
3,0.302581834752998
4,0.29619056935267596
5,0.2908458255999826
6,0.2834183211551119
7,0.2769851033062144
8,0.27338892014304617
9,0.2710245462142833
10,0.26991670294727443
11,0.2684894107248751
12,0.2636024057865143
13,0.2600799372645237
14,0.2580831324172127
15,0.2548028828049989
16,0.25351435093067154
17,0.2544288734149505
18,0.2531726230019411
19,0.2517074970653773
