epoch,train_acc
0,0.6054302014802632
1,0.7405042146381579
2,0.7945749383223685
3,0.8250668174342105
4,0.8401392886513158
5,0.8549419202302632
6,0.8654528166118421
7,0.8790732935855263
8,0.8896098889802632
9,0.8982447574013158
10,0.9065969366776315
11,0.9082673725328947
12,0.9171977796052632
13,0.9198190789473685
14,0.9236096833881579
15,0.9258968955592105
16,0.9235068873355263
17,0.926513671875
18,0.9257298519736842
19,0.9224403782894737
