epoch,train_loss
0,1.6756267108415301
1,1.0372884775462903
2,0.8232473134994507
3,0.7139454829065424
4,0.6449043625279477
5,0.5904602722117775
6,0.5521310191405447
7,0.4997357459444749
8,0.4615035025697005
9,0.4201821606410177
10,0.38676753326466207
11,0.37877288460731506
12,0.34909946824374954
13,0.33712525430478546
14,0.3160798675135562
15,0.31188014777083145
16,0.3204245316354852
17,0.30500717225827667
18,0.31301399594859075
19,0.3191438552580382
