epoch,train_reward
0,0.01931404626291049
1,0.013997887016126984
2,0.014199945732559028
3,0.01327506746900709
4,0.012967997475674278
5,0.013277773402239146
6,0.013324127679592684
7,0.012844424449691647
8,0.012096782411007504
9,0.01212035810672923
10,0.01145741588583118
11,0.012327541597187519
12,0.011110141236138972
13,0.011215321964731342
14,0.011282818784054956
15,0.011204201090884837
16,0.011131010998628642
17,0.010785703253197042
18,0.010538314959328426
19,0.010835568861741769
