epoch,train_loss
0,2.0953378323281164
1,2.24891602933997
2,2.4234457157626013
3,2.567106501890881
4,2.69247306573509
5,2.781282637378957
6,2.841483426566171
7,2.8679143910360807
8,2.8955182498044305
9,3.000594196933331
10,3.0633906975831136
11,3.0812891296821063
12,3.1216604060465745
13,3.238230596674551
14,3.3284053684461234
15,3.248766720885097
16,3.218611247468703
17,3.339873692776897
18,3.3738837348352564
19,3.418505658017527
