epoch,train_reward
0,0.7634446446848387
1,0.7722024339260442
2,0.7776381358651832
3,0.7811276074683312
4,0.783121384606503
5,0.7798900456711797
6,0.7884008542145833
7,0.7735082642866833
8,0.7850265620958687
9,0.7836129331942832
10,0.7741388507408671
11,0.7877624746006314
12,0.79711782991296
13,0.7884042351552756
14,0.7944887566684496
15,0.8089487838863146
16,0.7865306593403958
17,0.7935592960013022
18,0.8024562169419657
19,0.8032415907571812
