epoch,train_loss
0,3.512806735231203
1,3.5227085057930028
2,3.566735435494393
3,3.59785712887888
4,3.6199954251002837
5,3.646901869453122
6,3.6446561620909
7,3.668758107942316
8,3.6874310948923563
9,3.682411844954897
10,3.696067160020495
11,3.71028081290925
12,3.7121192607109856
13,3.70281643824727
14,3.7264348701511265
15,3.7329301085707316
16,3.7373836232942317
17,3.7407214096308823
18,3.749859783146948
19,3.7574970893261144
