epoch,train_reward
0,0.6202778201466719
1,0.6553642506556661
2,0.680679042777673
3,0.6775330278370947
4,0.6965512505026676
5,0.7057590872182974
6,0.7080854527618853
7,0.7182373845523783
8,0.7035630609957092
9,0.7059954460960867
10,0.7228008904264647
11,0.7007775095546193
12,0.718829557500078
13,0.6935176427054298
14,0.7123432255646573
15,0.719179061228919
16,0.7101240200846719
17,0.7280660322428819
18,0.7226547187219287
19,0.7316301064106381
