epoch,train_acc
0,0.25262632464418316
1,0.25323063312190597
2,0.25259852645420794
3,0.253162950572401
4,0.25337808439047027
5,0.2519337871287129
6,0.2531967918471535
7,0.2547184405940594
8,0.25533483524133666
9,0.25543031598081684
10,0.25513420482673266
11,0.25584728883044555
12,0.2570849125928218
13,0.2566002571936881
14,0.25848569964418316
15,0.2576904296875
16,0.25976199914913367
17,0.25959400139232675
18,0.2582476021039604
19,0.258455484220297
