epoch,train_loss
0,3.368664193861555
1,3.3728530029259107
2,3.4008028377400765
3,3.4143362352163487
4,3.4301332766466803
5,3.449613403565813
6,3.455481820767469
7,3.4575024099633245
8,3.458343504679085
9,3.466964532833288
10,3.4711938506305806
11,3.469900886611183
12,3.4690160291029675
13,3.469854516558128
14,3.4575537986094407
15,3.46632981654441
16,3.469896927918538
17,3.4739150434437365
18,3.487524656966181
19,3.485867719839115
