epoch,train_reward
0,0.7635761540715057
1,0.8116822000777367
2,0.8231698699516825
3,0.824206152469805
4,0.8398992770379132
5,0.8355402518617044
6,0.8289089374022909
7,0.8280130143802945
8,0.8392088345371851
9,0.8508772492998897
10,0.8523818702981023
11,0.8499443250717503
12,0.8512719373891849
13,0.8532211146142223
14,0.850863258437355
15,0.8629111320075422
16,0.8530556075643785
17,0.8540360620706389
18,0.8644166042899141
19,0.8653534641950438
