epoch,train_loss
0,4.123206081061528
1,4.137074152628581
2,4.176575611377585
3,4.204876469469618
4,4.21909028086169
5,4.224897757343863
6,4.219806654699918
7,4.230598200326678
8,4.233483347399481
9,4.246898670306151
10,4.255602184383348
11,4.275011788839581
12,4.2517607623133165
13,4.261191129684448
14,4.259300812907602
15,4.256049835818938
16,4.241523246655519
17,4.2717094393982284
18,4.271338246334558
19,4.274176931929314
