epoch,train_acc
0,0.2239919072309417
1,0.2252126103559417
2,0.2246334606221973
3,0.22488526485426008
4,0.22578300168161436
5,0.22626361932455158
6,0.2260085306894619
7,0.22629536855381166
8,0.2259483166339686
9,0.2271033316984305
10,0.22689094030269058
11,0.2272150014013453
12,0.22721719100336324
13,0.22725879344170405
14,0.22715697694786996
15,0.22782808996636772
16,0.22876195522701795
17,0.2281291602438341
18,0.22852766781109865
19,0.22802734375
