epoch,train_loss
0,4.026177618001074
1,4.028552171895322
2,4.0461477378024115
3,4.0577350058363155
4,4.05627874301688
5,4.056001865275772
6,4.0651515160975435
7,4.067840193419179
8,4.060203235780177
9,4.0612087474275596
10,4.051317219242387
11,4.057364957749576
12,4.05417325250771
13,4.05393582395374
14,4.0554185918628365
15,4.052274981956311
16,4.047797364504348
17,4.053479937694532
18,4.048961127285465
19,4.048520863323469
