epoch,train_reward
0,0.5344568437524975
1,0.5638264783829317
2,0.5770187261660538
3,0.5893680627035988
4,0.5819023999932635
5,0.5932665558139305
6,0.5970034235796051
7,0.5923909793520188
8,0.6160109730044823
9,0.6161001412857808
10,0.6167166080710065
11,0.6025574961050744
12,0.6027022891515039
13,0.6010266491650466
14,0.6121995430356184
15,0.6073313743009695
16,0.6157949588223958
17,0.6284857253322687
18,0.6113269061785642
19,0.6153408962514902
