epoch,train_loss
0,3.517757036898396
1,3.455076850286805
2,3.4422595843230144
3,3.419782073190897
4,3.4075468105844933
5,3.3915876173737027
6,3.3862531480222646
7,3.379913884814423
8,3.3726250641416797
9,3.3620500918662195
10,3.3561299578978283
11,3.354934537764823
12,3.3480929407742943
13,3.3422298006492084
14,3.3444854068283987
15,3.336138354669703
16,3.3317837667937327
17,3.3269452647407456
18,3.3259408509377204
19,3.320675760212511
