epoch,train_acc
0,0.21641803609913793
1,0.21481147853807472
2,0.21365952765804597
3,0.21175831761853448
4,0.2133550534303161
5,0.2118621475395115
6,0.21260158494971265
7,0.21245566181752873
8,0.2133227819683908
9,0.21260719737787356
10,0.21373810165229884
11,0.21206279184626436
12,0.21256791038074713
13,0.2134504647090517
14,0.21279661682830459
15,0.21385455953663793
16,0.21430636000359196
17,0.21394856770833334
18,0.21471887347341953
19,0.2134911548132184
