epoch,train_loss
0,4.056766157862784
1,4.052796309021698
2,4.062945753678508
3,4.084536223575987
4,4.099365829051226
5,4.113989394286583
6,4.105479000628679
7,4.113610717071884
8,4.103343144230459
9,4.110748515731987
10,4.096500030879317
11,4.114752348812147
12,4.101532881287323
13,4.110518171869475
14,4.113407743388209
15,4.108486785285774
16,4.101376215616862
17,4.106666459434334
18,4.104402191337498
19,4.1140685793997225
