epoch,train_loss
0,3.0916561703932914
1,2.906319580580059
2,2.8364646434783936
3,2.830053316919427
4,2.7884654873295833
5,2.8064154449262118
6,2.813010993756746
7,2.771801697580438
8,2.757355050036782
9,2.7863462222249886
10,2.7719285613612126
11,2.7821892939115824
12,2.749065687781886
13,2.7398367931968286
14,2.7323383783039294
15,2.706819019819561
16,2.706503002267135
17,2.7249906188563298
18,2.724754948365061
19,2.711937289488943
