epoch,train_reward
0,0.030550292791112474
1,0.026477058663179998
2,0.02423140808547798
3,0.02123072547347922
4,0.029289040126298602
5,0.034782178699970245
6,0.0315122046556912
7,0.03021336680180148
8,0.03923179522940987
9,0.027118298470189695
10,0.040510821793424454
11,0.04253096858921804
12,0.02938910691361678
13,0.02777928133544169
14,0.03043776093737075
15,0.03753594328698359
16,0.030626743835838216
17,0.04645466431975365
18,0.042461576038285306
19,0.034822225962814535
