epoch,train_loss
0,3.8476573598795922
1,3.8488794332263114
2,3.869618325397886
3,3.886067162985089
4,3.8874806467143967
5,3.8906878959173445
6,3.8967376070461053
7,3.9016286285444237
8,3.896874964922324
9,3.891981193389016
10,3.88709626389646
11,3.8960949579874673
12,3.8986404682027884
13,3.8851354971699332
14,3.8856932514015283
15,3.8828335466056036
16,3.8905086215885207
17,3.8895335224853165
18,3.8930834449570755
19,3.886692985721018
