epoch,train_loss
0,2.685532896142257
1,2.68327942647432
2,2.881939072357981
3,2.9512640927967273
4,3.0776595943852474
5,3.1188065880223323
6,3.142680293635318
7,3.4099944892682528
8,3.5890319472865055
9,3.476834397566946
10,3.63181818159003
11,3.352611441361277
12,3.5797006330992045
13,3.5102699179398384
14,3.6109933351215564
15,3.5671950515947843
16,3.38497089084826
17,3.7489233644385087
18,3.7865923203920064
19,3.73026180267334
