epoch,train_reward
0,0.2456776335051185
1,0.2052595827140306
2,0.21503279397362157
3,0.20537593019636055
4,0.28118203266670827
5,0.22277287746730604
6,0.26234883069992065
7,0.24472480071218392
8,0.21279007117999227
9,0.25044747794929306
10,0.29372037319760574
11,0.27696896932627024
12,0.2398969813397056
13,0.2463784955049816
14,0.23199962863796636
15,0.23709153109475187
16,0.24125311955025322
17,0.27460066582027237
18,0.22948812654143885
19,0.2185809667173185
