epoch,train_loss
0,1.7374476821799028
1,1.1306574030926353
2,0.9208317273541501
3,0.7826328277587891
4,0.724219372397975
5,0.6487792855814883
6,0.6045250547559637
7,0.5626563116123802
8,0.5371121199507463
9,0.5027178714149877
10,0.4739010459498355
11,0.45097032816786514
12,0.4459298864791268
13,0.4168683463021329
14,0.4095786778550399
15,0.3958819696777745
16,0.3879875854441994
17,0.3834632211609891
18,0.37486887135003744
19,0.3432576248520299
