epoch,train_reward
0,0.04286197318058265
1,0.03251416373409723
2,0.024043583164089603
3,0.02646645334990401
4,0.022031756019905993
5,0.02214087006684981
6,0.020546857659754
7,0.02216805243178418
8,0.023301929137424418
9,0.018699377481090396
10,0.021699711288276472
11,0.0207015722990036
12,0.020928924805239627
13,0.018810437845164223
14,0.023234481335078414
15,0.018977087579275433
16,0.018613330431674655
17,0.017298674357956963
18,0.01807025388667458
19,0.018871030182038482
