epoch,train_acc
0,0.26539947099215244
1,0.26516189917320626
2,0.2650622722813901
3,0.26564032721412556
4,0.26640887752242154
5,0.2668555563340807
6,0.26593044948150224
7,0.26634428426289236
8,0.2659873791339686
9,0.26775438796244394
10,0.2655023822869955
11,0.2647995200392377
12,0.2661997705297085
13,0.2666661557595291
14,0.266288449411435
15,0.2655527431334081
16,0.2663026818245516
17,0.26780693841087444
18,0.2672091770599776
19,0.2673547855941704
