epoch,train_loss
0,3.4673015376377534
1,3.4834217330265473
2,3.531457811193081
3,3.55029296875
4,3.559711851881224
5,3.5765666320184955
6,3.591492674275899
7,3.5976038428165453
8,3.607138981199051
9,3.604687935568292
10,3.6159422996332826
11,3.6384501061631958
12,3.6257782720129588
13,3.630229221865735
14,3.640808596204749
15,3.6421469316354247
16,3.647745582554907
17,3.6441831845339103
18,3.642467657012255
19,3.6650367232181567
