epoch,train_reward
0,0.5760803228001958
1,0.5833225446698912
2,0.5990449143364825
3,0.6122817025590905
4,0.6156890330827824
5,0.6381593429454239
6,0.6381181801915703
7,0.6310869893685584
8,0.6456890838563175
9,0.6322668887040006
10,0.6315753393109069
11,0.6751683316957791
12,0.6462609048916086
13,0.6514571966611751
14,0.6664356172352094
15,0.6648731964051456
16,0.6588585173602596
17,0.6513375359265794
18,0.6594270352825455
19,0.671825671944383
