epoch,train_acc
0,0.2714580997757848
1,0.2750348146720852
2,0.2780827406810538
3,0.27924979855661436
4,0.2821181772001121
5,0.28267105170964124
6,0.283588494955157
7,0.2836311921945067
8,0.2848595589265695
9,0.2868236319366592
10,0.2850620971132287
11,0.28499969345571746
12,0.28712908141816146
13,0.2869254484304933
14,0.2872692159473094
15,0.28712470221412556
16,0.28783303846692826
17,0.28953983323991034
18,0.28885558260930494
19,0.2885326163116592
