epoch,train_loss
0,3.3298153535132986
1,3.2591870900226816
2,3.2294462635912704
3,3.2167793966729543
4,3.194663833609611
5,3.187578226953344
6,3.1793328774884144
7,3.1717665719344477
8,3.1626547730022483
9,3.1497253847763678
10,3.1454102137698188
11,3.144147938142443
12,3.1304450708654428
13,3.129615855323894
14,3.1219835976314116
15,3.1182110074389677
16,3.111202381116927
17,3.1069297405636362
18,3.102610885295098
19,3.10110280759666
