epoch,train_reward
0,0.41815441753297644
1,0.42748580518859386
2,0.44032541692524213
3,0.44696124158632594
4,0.4366420963152642
5,0.43843161658855834
6,0.44765420451827115
7,0.44150475776783554
8,0.4399211808972295
9,0.4269492763842168
10,0.4575090269336786
11,0.4465281617213792
12,0.4326260411953178
13,0.44993599046506155
14,0.4458517283869431
15,0.45943062695687126
16,0.43499226233349786
17,0.4371853080565619
18,0.4440557859136385
19,0.4320157227762077
