epoch,train_loss
0,4.221445961930286
1,4.264063955723555
2,4.30411985824848
3,4.332919720945688
4,4.342796514774191
5,4.3584986555165255
6,4.368650515874227
7,4.384721007840387
8,4.403180248435887
9,4.406813298148671
10,4.390555748994323
11,4.427701818531957
12,4.417593432568956
13,4.426475538604561
14,4.434190350017328
15,4.438825423690094
16,4.427361318434792
17,4.448536132944041
18,4.43839254598508
19,4.448066420938777
