epoch,train_acc
0,0.2606136924342105
1,0.27079050164473684
2,0.27363024259868424
3,0.2730520148026316
4,0.2732190583881579
5,0.27667557565789475
6,0.27363024259868424
7,0.2761101973684211
8,0.27861585115131576
9,0.2786800986842105
10,0.272705078125
11,0.2757118626644737
12,0.27557051809210525
13,0.27312911184210525
14,0.28140419407894735
15,0.2813784950657895
16,0.2843081825657895
17,0.2815969366776316
18,0.27691971628289475
19,0.28375565378289475
