epoch,train_loss
0,3.3897545337677
1,3.199204131176597
2,3.1824801721070943
3,3.1553265170047156
4,3.1308540670495284
5,3.1397920784197355
6,3.1381698031174508
7,3.139184776105379
8,3.1275357321689
9,3.1142782035626864
10,3.15604389341254
11,3.1560463905334473
12,3.1416112623716654
13,3.1615827836488424
14,3.1188049692856636
15,3.0996910145408227
16,3.0671411940926
17,3.049493112062153
18,3.0984155755294
19,3.067877957695409
