epoch,train_reward
0,0.1428582143822783
1,0.13454419570533852
2,0.1532594047878918
3,0.17284904185094332
4,0.14970151374214574
5,0.2123116693998638
6,0.21258975722287832
7,0.19659618170637833
8,0.18068802748855792
9,0.17963135438530067
10,0.18975499115492167
11,0.1750629081537849
12,0.1920226761385014
13,0.22401556372642517
14,0.170168042967194
15,0.19938312000349948
16,0.1633540525248176
17,0.11839724645802849
18,0.18632941340145312
19,0.15341404550953916
