epoch,train_loss
0,4.2530281896548425
1,4.296906958781015
2,4.347940169107754
3,4.38849716870774
4,4.41161041088703
5,4.426211230957989
6,4.4512338146500525
7,4.461505447267951
8,4.462501737568945
9,4.481523629261239
10,4.4732811910689145
11,4.487430989474993
12,4.502007065332524
13,4.5002791913635525
14,4.5108648244575535
15,4.520534855367892
16,4.519934115388469
17,4.525587227312439
18,4.5169090005848975
19,4.532513086036716
