epoch,train_reward
0,0.05279398974227278
1,0.040829776639216823
2,0.046240108577828655
3,0.04866880100024374
4,0.043125936075260767
5,0.052680031837601414
6,0.05282149012935789
7,0.056678637862205505
8,0.05082082140602564
9,0.06818315288738201
10,0.07563986492000128
11,0.0681452657047071
12,0.046282049072416204
13,0.04980211018731719
14,0.051985376367443485
15,0.05251788857736086
16,0.05689831862324163
17,0.0862328135653546
18,0.08357410740695502
19,0.04897974921684516
