epoch,train_loss
0,3.785934370343048
1,3.7823461140736496
2,3.7977226748324857
3,3.7945505050149295
4,3.7937102648291257
5,3.786208476170455
6,3.7927560617428013
7,3.7902427380627923
8,3.785126336730353
9,3.7830161847690547
10,3.7796908687837054
11,3.7808749002985436
12,3.7774486553550948
13,3.7704696289383537
14,3.7798221099494707
15,3.7718524744014927
16,3.7710964774141216
17,3.7661372635624195
18,3.768749506166666
19,3.756269328665025
