epoch,train_reward
0,0.7828078482410695
1,0.8078061041265431
2,0.8287434259263595
3,0.8315142219019408
4,0.8327271153431127
5,0.8412347273661358
6,0.8423331173339693
7,0.8441203758858218
8,0.848758357586247
9,0.8412594644740077
10,0.837526018076604
11,0.8469678762525615
12,0.8402814328080357
13,0.8506528404679629
14,0.849473509458032
15,0.847380281084835
16,0.861273183680997
17,0.8630780211769709
18,0.8586428894264864
19,0.8507387360723893
