epoch,train_loss
0,3.1946071038866255
1,3.0962359680723184
2,3.0590024860450504
3,3.0370533530487607
4,3.008006380277899
5,2.9945376571518425
6,2.974321327936489
7,2.966974488288298
8,2.962948655868325
9,2.9411370273128217
10,2.939376634332631
11,2.931638277165024
12,2.916445358986277
13,2.9088090802521984
14,2.903678731533444
15,2.899286054174996
16,2.8916040685679345
17,2.8800105578161674
18,2.8817932295692343
19,2.8732815922108466
