epoch,train_reward
0,0.37674371370285614
1,0.3892401220285304
2,0.39204831989356753
3,0.41395287703505546
4,0.41194344301929386
5,0.4202884248553905
6,0.4147946396216149
7,0.42094445576047684
8,0.41324486914236985
9,0.40836126173558257
10,0.4098795949076323
11,0.4236766712013382
12,0.415836616348258
13,0.4109498386693108
14,0.4265647525210017
15,0.42841859409092786
16,0.428000901712965
17,0.4171476523170557
18,0.41384953367335914
19,0.4086284780448862
