epoch,train_loss
0,3.659743359214381
1,3.5062215955633866
2,3.4890393583398116
3,3.46434632100557
4,3.4450396864037764
5,3.4327463852731803
6,3.439114683552792
7,3.4222284241726526
8,3.408567604265715
9,3.4084578062358655
10,3.4277782440185547
11,3.4027284446515536
12,3.4095365875645687
13,3.404821383325677
14,3.404879243750321
15,3.3929469961869088
16,3.397825278733906
17,3.3767848642248857
18,3.396919764970478
19,3.3835988170222233
