epoch,train_loss
0,2.4704810012081815
1,2.623108645725678
2,2.862237421386445
3,2.997632482126689
4,3.1277481333557264
5,3.2221392986485777
6,3.2839458897509384
7,3.420454302176232
8,3.4614471223856835
9,3.485786493583645
10,3.559209868512346
11,3.6243480256854688
12,3.658957298561062
13,3.6749763563609443
14,3.759625122686138
15,3.7818837700403325
16,3.82880498475558
17,3.8842836313718103
18,3.808713049097446
19,3.904036924978008
