epoch,train_reward
0,0.5289528371239991
1,0.546573135884888
2,0.5501836658593251
3,0.5494149420828028
4,0.5461674287180195
5,0.5367524332529761
6,0.5440807402668513
7,0.5398953272355511
8,0.5461361894693075
9,0.547920831115791
10,0.5416317380329954
11,0.5450218637962513
12,0.5465511509923122
13,0.5339847428916281
14,0.5454728658156545
15,0.5385581599757275
16,0.5389799264514393
17,0.5393211682548438
18,0.5351511886836168
19,0.542841772594794
