epoch,train_acc
0,0.22171875
1,0.227734375
2,0.2290283203125
3,0.229638671875
4,0.230615234375
5,0.2301806640625
6,0.2306689453125
7,0.2307470703125
8,0.2304443359375
9,0.2323876953125
10,0.2292041015625
11,0.2343798828125
12,0.23087890625
13,0.23515625
14,0.2346875
15,0.2344921875
16,0.232744140625
17,0.2363720703125
18,0.234404296875
19,0.2341650390625
