epoch,train_loss
0,3.9374799871444703
1,3.8052709913253784
2,3.7920886087417602
3,3.78925733089447
4,3.776000905036926
5,3.785604786872864
6,3.7763275718688964
7,3.7776977252960204
8,3.77311149597168
9,3.7683561277389526
10,3.775376763343811
11,3.7556504917144777
12,3.7632621812820433
13,3.7389503717422485
14,3.7492286729812623
15,3.738072018623352
16,3.755609517097473
17,3.7268169641494753
18,3.7437665271759033
19,3.7305600452423096
