epoch,train_reward
0,0.9826640379428864
1,0.986620705127716
2,0.9902610015869141
3,0.990618234872818
4,0.9919139337539673
5,0.9941578722000122
6,0.9941138648986816
7,0.9939679181575776
8,0.9920267605781555
9,0.9951923906803131
10,0.9962426877021789
11,0.9954434144496918
12,0.9962419366836548
13,0.9962168180942536
14,0.9966479134559632
15,0.9973693931102753
16,0.9969392502307892
17,0.995471384525299
18,0.9973960173130035
19,0.9966457748413086
