epoch,train_acc
0,0.2787314967105263
1,0.2862356085526316
2,0.28960217927631576
3,0.29254471628289475
4,0.2949475740131579
5,0.2973504317434211
6,0.291015625
7,0.2950889185855263
8,0.29561574835526316
9,0.29732473273026316
10,0.29366262335526316
11,0.30013877467105265
12,0.30098684210526316
13,0.29842979029605265
14,0.3028371710526316
15,0.30166786595394735
16,0.30610094572368424
17,0.30081979851973684
18,0.30331260279605265
19,0.3101999383223684
