epoch,train_loss
0,3.1276208350532935
1,2.990647215592234
2,2.9382307152999076
3,2.9035572629225883
4,2.8636598210585746
5,2.8455178863123844
6,2.879155761317203
7,2.888200182663767
8,2.8562920846437154
9,2.856166776857878
10,2.86739676877072
11,2.828068256378174
12,2.8093176013544987
13,2.825338878129658
14,2.789357988457931
15,2.7832461909243933
16,2.7567692053945443
17,2.7710953386206376
18,2.75748126130355
19,2.7398707741185238
