epoch,train_reward
0,0.11844991892576218
1,0.12207864362158273
2,0.08888349270350054
3,0.09418692792716779
4,0.09119425086598647
5,0.1605046007194017
6,0.16173910702529706
7,0.14566948460905174
8,0.0822317072827565
9,0.06030225028332911
10,0.09699937701225281
11,0.12647749013022372
12,0.1202376939748463
13,0.10923259234742115
14,0.0990770817979386
15,0.12083689495921135
16,0.14650954188484894
17,0.054455728319130446
18,0.12192734330892563
19,0.10385679806533613
