epoch,train_acc
0,0.415876585271861
1,0.4239616907230942
2,0.41859497617713004
3,0.4110824516535874
4,0.4087844643357623
5,0.4039355906670404
6,0.3999548941984305
7,0.400775994955157
8,0.3959928093469731
9,0.39361161715246634
10,0.39752662556053814
11,0.3940221675308296
12,0.39319011876401344
13,0.39091840667040356
14,0.3886499789798206
15,0.38733074376401344
16,0.3871895144338565
17,0.390556027536435
18,0.38649322099215244
19,0.381244744955157
