epoch,train_loss
0,2.9628170776794844
1,3.2287512231835334
2,3.507131899418852
3,3.734375254455703
4,3.978016953831831
5,4.06387631561724
6,4.053170951492583
7,4.178046272474554
8,4.276869950273112
9,4.405134805114814
10,4.424406816071993
11,4.5082242563701
12,4.4046695905950575
13,4.442033718519681
14,4.51048976102752
15,4.5793989442389105
16,4.668556213378906
17,4.710735780775814
18,4.621723239197324
19,4.749899988217204
