epoch,train_reward
0,0.6755530035014644
1,0.6947655137878896
2,0.6921677650892146
3,0.6996947810254289
4,0.7036974323170068
5,0.7108965005575274
6,0.7161066296923856
7,0.719276452011057
8,0.7256821701344888
9,0.7290776700716917
10,0.7274850505349882
11,0.7350964634407796
12,0.7121857757525594
13,0.7167618841333774
14,0.7124946491600687
15,0.7145493204283607
16,0.7111771419443892
17,0.7310913512525002
18,0.7242457890724388
19,0.7280199958069977
