epoch,train_loss
0,1.0160193835744764
1,0.7009924517409636
2,0.6058822057329782
3,0.5456022901995348
4,0.49659392650764766
5,0.4676898896399111
6,0.4407101320748282
7,0.42160163288659386
8,0.40727858879778644
9,0.3913240426837808
10,0.37819608927953363
11,0.36720133344135664
12,0.35894754351955827
13,0.35204255300583226
14,0.3476041593764088
15,0.3421301902225702
16,0.33411483555146965
17,0.32894050750401943
18,0.3255062182941059
19,0.31982873055604427
