epoch,train_reward
0,0.5560500338526055
1,0.5412426748783281
2,0.5344037176063745
3,0.5338065802755922
4,0.5292025665835579
5,0.5281042316467455
6,0.5268712052614382
7,0.5238084384415409
8,0.5237720688380817
9,0.5229803810615351
10,0.5202470101637415
11,0.5197368402882377
12,0.5190787368481702
13,0.5185125892115111
14,0.5181442682105716
15,0.5178329524132285
16,0.5173258805038905
17,0.5162976688087577
18,0.5165706597047277
19,0.515781351982957
