epoch,train_loss
0,4.377401347652144
1,4.467664308077551
2,4.548944663573808
3,4.600987601173299
4,4.635881391875947
5,4.641259347376802
6,4.650910520767417
7,4.6829869116368315
8,4.683933317928571
9,4.695107040918462
10,4.706674757559738
11,4.704965922864563
12,4.726545817114313
13,4.720227585779712
14,4.735143186800149
15,4.725388281013934
16,4.736336566942155
17,4.745755892698006
18,4.744371427014269
19,4.7507525367052565
