epoch,train_acc
0,0.6202595116311659
1,0.7030155198991032
2,0.733677611757287
3,0.755929442264574
4,0.7721051271720852
5,0.7860474180213004
6,0.7950652939321748
7,0.8038368396160314
8,0.8116865628503364
9,0.8173828125
10,0.821812377382287
11,0.8285103699551569
12,0.8325162468469731
13,0.8367290411294843
14,0.837507444646861
15,0.8415844836042601
16,0.8463578160033632
17,0.8487258705857623
18,0.8519544387612108
19,0.8536984567684978
