epoch,train_reward
0,0.4172020002598185
1,0.40513492298767706
2,0.3958510073578411
3,0.38539757295574306
4,0.3785105365006913
5,0.3690994598405778
6,0.3656077151074003
7,0.3611697078820301
8,0.356474906206131
9,0.3576273744416344
10,0.3529890982826729
11,0.3508257995539182
12,0.34939753006926566
13,0.3492138281531398
14,0.34609141224168344
15,0.3442823910927024
16,0.3409600668156628
17,0.3397347019659564
18,0.33640970122653807
19,0.3360841758048053
