epoch,train_acc
0,0.2123509457236842
1,0.21848016036184212
2,0.21597450657894737
3,0.21414987664473684
4,0.22453227796052633
5,0.22234786184210525
6,0.21867290296052633
7,0.22166683799342105
8,0.22486636513157895
9,0.21976511101973684
10,0.22629266036184212
11,0.22518760279605263
12,0.22457082648026316
13,0.22538034539473684
14,0.22318307976973684
15,0.22201377467105263
16,0.21828741776315788
17,0.22293893914473684
18,0.21886564555921054
19,0.22060032894736842
