epoch,train_loss
0,3.966363969602083
1,3.82313881422344
2,3.8193429645739103
3,3.8507493295167623
4,3.7513725130181563
5,3.7716948107669226
6,3.8006222248077393
7,3.7756628237272563
8,3.7511323125738847
9,3.784060553500527
10,3.748306914379722
11,3.7643739800704155
12,3.776727463069715
13,3.7818341129704525
14,3.8248232791298316
15,3.797855803841039
16,3.808215542843467
17,3.757793514352096
18,3.8153270796725622
19,3.8145766760173596
