epoch,train_reward
0,0.03357631482772137
1,0.06535308808088303
2,0.09752284304091804
3,0.04782933173210997
4,0.07740673442420207
5,0.0693178480785144
6,0.1382301885046457
7,0.04689014124635019
8,0.054664161056280136
9,0.0813811625304975
10,0.08862252298154329
11,0.054449741581552906
12,0.07158678505373628
13,0.0574860405176878
14,0.08829927758166664
15,0.09123991008259748
16,0.06634083919619259
17,0.07126075166620706
18,0.06612138097223483
19,0.14808471461659983
