epoch,train_loss
0,3.677285407718859
1,3.4953935899232564
2,3.473868595926385
3,3.438914474688078
4,3.435939575496473
5,3.4319380709999487
6,3.419357989963732
7,3.404733783320377
8,3.388134868521439
9,3.3935221370897795
10,3.4001628097734953
11,3.393253702866404
12,3.3922057151794434
13,3.378574245854428
14,3.383306013910394
15,3.3777304323096025
16,3.380221316688939
17,3.3724600013933683
18,3.378959053441098
19,3.358917499843397
