epoch,train_loss
0,3.4868053150177003
1,3.3319042253494264
2,3.3297859954833986
3,3.341869478225708
4,3.3270870065689087
5,3.3563142251968383
6,3.3357069540023803
7,3.3311000204086305
8,3.3184654569625853
9,3.3272168254852295
10,3.343889651298523
11,3.3075811576843264
12,3.327832899093628
13,3.305565495491028
14,3.332762370109558
15,3.3137606954574585
16,3.3230475044250487
17,3.3110073137283327
18,3.308262753486633
19,3.3125269699096678
