epoch,train_reward
0,0.5700494253635406
1,0.6773546242713928
2,0.6889380943775177
3,0.7759218096733094
4,0.7138803780078888
5,0.784694697856903
6,0.7617705607414246
7,0.7747493946552276
8,0.7468189382553101
9,0.7228204369544983
10,0.7894171154499054
11,0.7443905222415924
12,0.7312128460407257
13,0.7283845496177673
14,0.7817139005661011
15,0.7606926012039185
16,0.7465880906581879
17,0.7887203121185302
18,0.772959942817688
19,0.7972111201286316
