epoch,train_loss
0,0.8744797564969204
1,0.5568844141936539
2,0.4659558086111994
3,0.4162684767553122
4,0.38643396372842315
5,0.36472232669296833
6,0.3520898737824789
7,0.33648167240737686
8,0.32622934184452096
9,0.3176457694556453
10,0.31365045949374093
11,0.308299578947596
12,0.3050152525158212
13,0.3011081181097739
14,0.296691961955316
15,0.29507703275078595
16,0.29243355000963306
17,0.2896606774613409
18,0.28733905707255447
19,0.2857561820361874
