epoch,train_loss
0,4.157019740656803
1,4.088830897682591
2,4.075883589292827
3,3.990746209495946
4,3.9567381959212455
5,4.003225552408319
6,4.008041394384284
7,4.013884142825478
8,3.994427254325465
9,3.9581946197308993
10,4.000063745599044
11,4.010434677726344
12,4.045196495558086
13,4.051415857515837
14,4.033584092792712
15,4.0761417087755705
16,4.068613541753669
17,4.061024590542442
18,4.08352548197696
19,4.126190863157573
