epoch,train_reward
0,0.4652096833053388
1,0.4021983727028495
2,0.5373981704837397
3,0.5796026367890207
4,0.44247149793725266
5,0.5642825819944081
6,0.550161948329524
7,0.5871611080671612
8,0.6224729606979772
9,0.5432859659194946
10,0.6124635338783264
11,0.6165728161209508
12,0.5570414646675712
13,0.5525166360955489
14,0.5647104633481879
15,0.576494248289811
16,0.6140980657778288
17,0.5647322598256563
18,0.583096843016775
19,0.5657026579505519
