epoch,train_acc
0,0.512708162006579
1,0.6349326685855263
2,0.667711759868421
3,0.7225149054276315
4,0.7566688939144737
5,0.7457853618421053
6,0.7715229235197368
7,0.7947034333881579
8,0.8062037417763158
9,0.8241930509868421
10,0.8195029810855263
11,0.8348966899671053
12,0.8416041324013158
13,0.847424958881579
14,0.8560212787828947
15,0.8608912417763158
16,0.857434724506579
17,0.8676115337171053
18,0.8788677014802632
19,0.8873997738486842
