epoch,train_loss
0,2.0976373459163464
1,1.5038796914251227
2,1.3452352410868595
3,1.1004739372353805
4,0.9740609714859411
5,1.0233501384132786
6,0.9377475349526656
7,0.8680895065006456
8,0.7884160813532377
9,0.7137714530292311
10,0.7307959669514706
11,0.6691176671730844
12,0.6399611485631842
13,0.6151173585339597
14,0.58944003519259
15,0.5675564878865292
16,0.5815442831892716
17,0.5520652595319246
18,0.5048228580700723
19,0.4662253903715234
