epoch,train_reward
0,0.04515261261870986
1,0.0572347097883099
2,0.052435056355438735
3,0.0434527543226355
4,0.03661509103288776
5,0.035316272393653265
6,0.036255394647780215
7,0.030035431349748058
8,0.029737948292964382
9,0.028775991773919055
10,0.026629620868908733
11,0.02644887635190236
12,0.026594805580220725
13,0.03077693136506959
14,0.02469003445615894
15,0.025500222452377017
16,0.028166735054630982
17,0.026365582684153004
18,0.023553488874121717
19,0.021945430259955555
