epoch,train_loss
0,2.924780117838006
1,2.706652101717497
2,2.6381112776304545
3,2.6309736778861597
4,2.6045694978613603
5,2.588515231483861
6,2.5702555556046334
7,2.5576430496416593
8,2.5432299689242712
9,2.5352362331591154
10,2.5369580293956555
11,2.5282258485492908
12,2.5216146017375745
13,2.5169056340267786
14,2.5120017779500863
15,2.510793409849468
16,2.4989881640986393
17,2.4954539223721155
18,2.4941955240149247
19,2.4829307606345727
