epoch,train_acc
0,0.23147101151315788
1,0.24123663651315788
2,0.24265008223684212
3,0.24378083881578946
4,0.24727590460526316
5,0.24392218338815788
6,0.24453895970394737
7,0.24690326891447367
8,0.24904913651315788
9,0.24987150493421054
10,0.2508352179276316
11,0.25142629523026316
12,0.24847090871710525
13,0.24727590460526316
14,0.24870219983552633
15,0.24840666118421054
16,0.24957596628289475
17,0.2502698396381579
18,0.2471217105263158
19,0.24958881578947367
