epoch,train_loss
0,3.743527575543052
1,3.5902069618827417
2,3.5797204971313477
3,3.553799968016775
4,3.5386744298433004
5,3.5390099851708663
6,3.5475866543619254
7,3.531747265865928
8,3.5241454149547375
9,3.5194399231358577
10,3.545782202168515
11,3.5160521833520186
12,3.521339027505172
13,3.5265065243369653
14,3.516050150519923
15,3.5075445551621285
16,3.5054906167482076
17,3.4929286806206954
18,3.5121263579318396
19,3.4989439688230815
