epoch,train_reward
0,0.0035390579754388646
1,0.005673067497187539
2,0.004388066792958661
3,0.004806386993119591
4,0.005453955676210554
5,0.005961254422896002
6,0.005398802299934782
7,0.004429936433505071
8,0.004560397349690136
9,0.0053092664058663344
10,0.004870349198187652
11,0.0041399981066780655
12,0.004447730674751495
13,0.0049981967987198575
14,0.005669216894985814
15,0.0053001587328157925
16,0.005933438795373628
17,0.005829694337750736
18,0.005569465948562873
19,0.0040495432668218485
