epoch,train_loss
0,3.8151944367874897
1,3.725273195403574
2,3.699425248287184
3,3.678648744463386
4,3.658777427245683
5,3.644475357414896
6,3.639415897061472
7,3.6287661389919674
8,3.6188092285207567
9,3.607487991786324
10,3.597112341312015
11,3.590116778831311
12,3.5865673933328535
13,3.582107737459944
14,3.5764779873493007
15,3.5686551861698854
16,3.563526647507877
17,3.564548855939788
18,3.5613014815634143
19,3.5579754557844767
