epoch,train_loss
0,2.277649235725403
1,2.104074196815491
2,2.142409529685974
3,2.1811564922332765
4,2.2189448738098143
5,2.2655306529998778
6,2.3796138906478883
7,2.3827627086639405
8,2.4192037391662597
9,2.497096176147461
10,2.500005941390991
11,2.5521167755126952
12,2.5769959783554075
13,2.628966226577759
14,2.5864045143127443
15,2.629344973564148
16,2.541182599067688
17,2.5596472930908205
18,2.6584742355346678
19,2.6630794048309325
