epoch,train_acc
0,0.3042125135365099
1,0.3133279026144802
2,0.31766321163366334
3,0.3200949489480198
4,0.32210246171101486
5,0.32340535078898514
6,0.32507445080445546
7,0.3264063466893564
8,0.32868096379950495
9,0.32727413366336633
10,0.3293299911045792
11,0.3291148572865099
12,0.3298001431002475
13,0.3301155921256188
14,0.33067397315903463
15,0.33122026802289606
16,0.33218957882116334
17,0.3322705561571782
18,0.3328156424040842
19,0.3332362411045792
