epoch,train_loss
0,2.7704869945450583
1,2.6799649672933143
2,2.6469141032436108
3,2.627492340484468
4,2.6059104699899653
5,2.5900334202417055
6,2.5777841428718946
7,2.5684998790816507
8,2.5528407462752694
9,2.550573834098212
10,2.5410165196598165
11,2.5328259243823514
12,2.5262494984239634
13,2.5211503600129985
14,2.516444143682423
15,2.510666063516447
16,2.5046975754275183
17,2.5039607959218544
18,2.495826871088236
19,2.4933572759722717
