epoch,train_loss
0,0.8620781745060836
1,0.537997817048932
2,0.44732061397321154
3,0.39898680076740756
4,0.36576203352744036
5,0.34248446901836016
6,0.32622792977507753
7,0.31441780851028933
8,0.3042503232412999
9,0.2958131740884026
10,0.2900689387380487
11,0.2829460275940376
12,0.27882925125927027
13,0.2784099276408111
14,0.2749132979476806
15,0.27225713918704797
16,0.26928448787715176
17,0.2645915309243863
18,0.2623621354451274
19,0.2622057335211499
