epoch,train_loss
0,3.7847300434112547
1,3.6372723627090453
2,3.6149292278289793
3,3.6012171602249143
4,3.590032262802124
5,3.5833661460876467
6,3.567766547203064
7,3.5680378341674803
8,3.5512613821029664
9,3.5461672592163085
10,3.5404027032852174
11,3.521238284111023
12,3.535132875442505
13,3.505400915145874
14,3.5075145626068114
15,3.496445264816284
16,3.511044249534607
17,3.4857671642303467
18,3.4972159242630005
19,3.489965252876282
