epoch,train_reward
0,0.9119579029083252
1,0.9322682130336761
2,0.9212461888790131
3,0.9467184984683991
4,0.9380499815940857
5,0.9456484305858612
6,0.9429410243034363
7,0.9391170835494995
8,0.9484166884422303
9,0.939576209783554
10,0.9520652627944947
11,0.9462434542179108
12,0.9469187104701996
13,0.9422502648830414
14,0.9366867434978485
15,0.9434237718582154
16,0.9550271308422089
17,0.9521884715557098
18,0.9416263449192047
19,0.9380614757537842
