epoch,train_loss
0,4.459125200194628
1,4.51121331971857
2,4.58898869972058
3,4.643671538263159
4,4.678315423529244
5,4.738313860957398
6,4.764138127656261
7,4.781732234185052
8,4.799593561967927
9,4.821695973520321
10,4.845605565828058
11,4.861961899316899
12,4.893846347193012
13,4.892719728529721
14,4.897151249941154
15,4.899390479374359
16,4.919625015002195
17,4.928617545842055
18,4.924992738817839
19,4.927731678624859
