epoch,train_reward
0,0.696709596255435
1,0.7166507968453548
2,0.7482699011473378
3,0.742663042427713
4,0.7242706182826261
5,0.7632542065440806
6,0.784573931597808
7,0.7660288030256605
8,0.7860979157178392
9,0.7828578943628901
10,0.7701498200540585
11,0.7779072672796891
12,0.7918379504584411
13,0.8007653120387296
14,0.7917750525902205
15,0.7923245504832589
16,0.7935370115955849
17,0.7751197261660623
18,0.7884828638068229
19,0.7813932286249683
