epoch,train_loss
0,4.141870846693543
1,4.105993596986792
2,4.092778782734926
3,4.149490749698946
4,4.12812781882012
5,4.15968036377567
6,4.144192857303839
7,4.1369838879026215
8,4.118486461968257
9,4.129477287160939
10,4.122062699548129
11,4.131540756115968
12,4.125649053474953
13,4.122112376936551
14,4.126707463428892
15,4.120761739796605
16,4.135064338815623
17,4.12861420231304
18,4.1234498654288805
19,4.131529209257542
