epoch,train_loss
0,1.461378354775278
1,0.7956483646443016
2,0.585293644352963
3,0.47680461406707764
4,0.40174440647426407
5,0.3559788057678624
6,0.32216719734041316
7,0.29749461224204615
8,0.2898567413028918
9,0.26783553236409235
10,0.2494752038466303
11,0.2395628588764291
12,0.23389362112471931
13,0.22656466145264476
14,0.2385320694823014
15,0.23724043918283363
16,0.22050279457318156
17,0.21581192628333443
18,0.20318750723412163
19,0.20220198913624413
