epoch,train_loss
0,3.1874236056679175
1,3.022960575003373
2,2.9765153558630693
3,2.965659580732647
4,2.936854626003065
5,2.9401275735152397
6,2.9411705920570776
7,2.9237919104726693
8,2.915676794554058
9,2.916354781702945
10,2.923717875229685
11,2.9161298149510433
12,2.905578324669286
13,2.9478758008856523
14,2.9157644949461283
15,2.8835300897297107
16,2.8948535542739067
17,2.896907844041523
18,2.879228265661942
19,2.873341999555889
