epoch,train_loss
0,3.169105241173192
1,2.979112198478297
2,2.909967246808504
3,2.8976227986185172
4,2.8514391623045268
5,2.805671340540836
6,2.8105054403606213
7,2.809197551325748
8,2.8240722731540076
9,2.818983981483861
10,2.803106985594097
11,2.775533161665264
12,2.780186364525243
13,2.7623579251138786
14,2.7581560360757926
15,2.78493164715014
16,2.748094169717086
17,2.745209267264918
18,2.7758243083953857
19,2.756028074967234
