epoch,train_reward
0,0.05561074928233498
1,0.09841997862646454
2,0.1102541965481482
3,0.07150552108099587
4,0.05970758454580056
5,0.0679198038813315
6,0.06513229051702901
7,0.043905261904001236
8,0.06534230238512943
9,0.05779729979602914
10,0.08990527611029775
11,0.06645740549031057
12,0.05945989195453493
13,0.06646787649706791
14,0.06933925869433503
15,0.06454002582713177
16,0.05282661338385783
17,0.05466412066629058
18,0.07856479718496925
19,0.06607212557604439
