epoch,train_acc
0,0.22383972989069506
1,0.2279758881025785
2,0.2293903710061659
3,0.22969253608464127
4,0.2320901502942825
5,0.2328302357763453
6,0.2326408352017937
7,0.23358783807455158
8,0.23407721412556054
9,0.234758180353139
10,0.23548950742713004
11,0.23537345852017938
12,0.23603581313060537
13,0.23660073045123317
14,0.2362898069646861
15,0.2372389994394619
16,0.23780501156109865
17,0.23767035103699552
18,0.23836007567264575
19,0.23817067509809417
