epoch,train_loss
0,3.9839218197382085
1,3.920460878466277
2,3.896248500977931
3,3.8842934450226516
4,3.8658846974907433
5,3.8613911198928217
6,3.8506856809282515
7,3.843834164965848
8,3.833098314268172
9,3.8222727241002925
10,3.8151169432652905
11,3.806555583338032
12,3.8042536017071504
13,3.794581704075561
14,3.795059576162843
15,3.7858916366046853
16,3.7785730479544055
17,3.7743015962865853
18,3.7705869717448284
19,3.7673435756443863
