epoch,train_reward
0,0.3784764364963155
1,0.3915332885868346
2,0.4141643985504527
3,0.409703252026853
4,0.4021946946868982
5,0.4234897043940198
6,0.39855940619926283
7,0.44423229838700573
8,0.41379267324781205
9,0.42137054490936177
10,0.4205105685599716
11,0.42503182596689915
12,0.4176701085449869
13,0.4066911272938476
14,0.4405377769149472
15,0.4097183336056936
16,0.4267502933606973
17,0.43034930012685835
18,0.43978312705129785
19,0.4203787229520858
