epoch,train_loss
0,3.770256519317627
1,3.5992666043733297
2,3.581164761593467
3,3.53446196254931
4,3.530823142904984
5,3.534938561288934
6,3.546383305599815
7,3.51953199035243
8,3.4996977730801233
9,3.528450087497109
10,3.5298917920965898
11,3.501792732037996
12,3.4938722033249703
13,3.482015697579635
14,3.46949523373654
15,3.463049386676989
16,3.4893964591779207
17,3.4737187435752466
18,3.476835288499531
19,3.463368240155672
