epoch,train_reward
0,0.010052897526245368
1,0.01437069358010041
2,0.014480822474548691
3,0.01439916136625566
4,0.014884372339829019
5,0.014590934899292494
6,0.017171327269783144
7,0.011028185094657698
8,0.013293489568719738
9,0.014601942102767919
10,0.011803648630647283
11,0.012179909322999026
12,0.011103931005652013
13,0.014076929245340196
14,0.013852283579150313
15,0.01092970697209239
16,0.01555240860110835
17,0.01160930298072727
18,0.010365937542366354
19,0.009752213023602962
