epoch,train_loss
0,3.5909858753806665
1,3.3937652111053467
2,3.3675060523183724
3,3.3389193509754382
4,3.3189863531213057
5,3.3140621185302734
6,3.309821266877024
7,3.2985668558823433
8,3.286643329419588
9,3.283707907325343
10,3.2960555176985893
11,3.269977230774729
12,3.2739453064767936
13,3.269461569033171
14,3.264550987042879
15,3.2537216387296977
16,3.250803219644647
17,3.2358069294377376
18,3.251213312149048
19,3.245978041699058
