epoch,train_loss
0,2.532410116031252
1,2.2862892726372026
2,2.3308224362888557
3,2.317252048130693
4,2.3838354349136353
5,2.491836339577861
6,2.4710513709605424
7,2.535381025281446
8,2.618672792938934
9,2.5869913073791855
10,2.6500297414845435
11,2.6125568370709473
12,2.7268692967535437
13,2.72228162179048
14,2.6920224222643623
15,2.7677985895639177
16,2.761462622675402
17,2.737955805899083
18,2.8789376869968986
19,2.865853321963343
