epoch,train_acc
0,0.42304430509868424
1,0.44452868009868424
2,0.45709549753289475
3,0.4662957442434211
4,0.45186574835526316
5,0.4524054276315789
6,0.4616827713815789
7,0.4422543174342105
8,0.4542300575657895
9,0.4508120888157895
10,0.4423571134868421
11,0.44302528782894735
12,0.4358681126644737
13,0.4341077302631579
14,0.441162109375
15,0.4433336759868421
16,0.44515830592105265
17,0.44757401315789475
18,0.4437448601973684
19,0.445556640625
