epoch,train_loss
0,2.772812567259136
1,2.6393062315489115
2,2.6776750338704964
3,2.738552871503328
4,2.992680173171194
5,3.0870967664216695
6,3.0564345811542712
7,3.0982212141940466
8,3.088658797113519
9,3.0554575167204203
10,3.0992314188103927
11,3.314327503505506
12,3.304861595756129
13,3.401616849397358
14,3.4664167981398735
15,3.500869813718294
16,3.4276505645952726
17,3.249012043601588
18,3.176691870940359
19,3.2665779841573617
