epoch,train_reward
0,0.1144838290975282
1,0.1040274730246318
2,0.0735857288696264
3,0.053346487252335796
4,0.10221592885883231
5,0.06145517880979337
6,0.05653234708466028
7,0.05941307230999595
8,0.0925877829523463
9,0.07344369178539828
10,0.09197965381961119
11,0.06547916700181208
12,0.075501462542697
13,0.10293987040456973
14,0.05929786025693542
15,0.06183168644967832
16,0.05972383602669364
17,0.05401842943147609
18,0.05096601361506864
19,0.05362503681527941
