epoch,train_reward
0,0.6021102213806101
1,0.6291897593592315
2,0.6373623091009165
3,0.6345845974079697
4,0.6375388676810158
5,0.6360062614684682
6,0.6465918852074799
7,0.6376372907193787
8,0.632981042156305
9,0.6392699864947743
10,0.6393318200325218
11,0.6321420664209956
12,0.6444718776262395
13,0.6415741857926407
14,0.6473130907178459
15,0.6555076457994401
16,0.6442009739811645
17,0.6624078135853926
18,0.6588830023068484
19,0.6712322243125984
