epoch,train_acc
0,0.2106419613486842
1,0.21359734786184212
2,0.21903268914473684
3,0.22038188733552633
4,0.22111430921052633
5,0.22087016858552633
6,0.21560187088815788
7,0.218017578125
8,0.22004780016447367
9,0.21673262746710525
10,0.22036903782894737
11,0.21823601973684212
12,0.22255345394736842
13,0.22117855674342105
14,0.22239925986842105
15,0.224609375
16,0.22242495888157895
17,0.22314453125
18,0.21989360608552633
19,0.22030479029605263
