epoch,train_loss
0,4.030742745650442
1,3.925409517790142
2,3.8683501419268156
3,3.856761794341238
4,3.8351771706028988
5,3.844305214128996
6,3.870237864946064
7,3.8718640553323844
8,3.8466176108310095
9,3.8576896316126774
10,3.8834573595147384
11,3.87204835289403
12,3.851613659607737
13,3.875345468521118
14,3.8607850576701916
15,3.8446317973889803
16,3.8365252017974854
17,3.8597175949498226
18,3.8571991293053878
19,3.8519333538256193
