epoch,train_reward
0,0.004018761744526656
1,0.007288658770879633
2,0.005041299853473902
3,0.0060689928206174
4,0.005685119031879462
5,0.008043776977023012
6,0.0075224658082190315
7,0.006458176545014507
8,0.006545189915126876
9,0.007369410712271929
10,0.005181978015523208
11,0.004935274562357287
12,0.0056997288361583884
13,0.005992628168314695
14,0.006084942038318044
15,0.005455860230875642
16,0.008338959250403078
17,0.007286154934646268
18,0.006761605704301282
19,0.0057414289759962185
