epoch,train_acc
0,0.4754541982518564
1,0.4889520324102723
2,0.4792214573019802
3,0.47490790338799505
4,0.47223081683168316
5,0.4665333965037129
6,0.46037186726485146
7,0.4645053372524752
8,0.46184033686571785
9,0.46161311687809403
10,0.45758237933168316
11,0.45687412979579206
12,0.4542478051516089
13,0.45165773901608913
14,0.45017839186262376
15,0.4535468073174505
16,0.45075731938428215
17,0.44067141089108913
18,0.4444773456837871
19,0.43208056157178215
