epoch,train_loss
0,2.506532978303362
1,2.652787956860986
2,2.976855701739245
3,3.1791024432323947
4,3.256920030801603
5,3.406799624461939
6,3.459056240497249
7,3.6405793912339917
8,3.706625055558611
9,3.6655550239109758
10,3.7350956095327246
11,3.8677265112942987
12,3.8883292757638612
13,3.928937229779687
14,3.961134648559117
15,4.047794476594075
16,4.078914195004076
17,4.09018066968068
18,4.185028930701832
19,4.257194666579219
