epoch,train_loss
0,2.0264474529969063
1,1.5771904305407876
2,1.4590289969193309
3,1.4242075367977745
4,1.4452685745138871
5,1.4539705389424373
6,1.4388343848680194
7,1.4799683094024658
8,1.5203350029493634
9,1.5423966207002338
10,1.5026148118470843
11,1.5047180338909751
12,1.5055279418041831
13,1.5320848289288973
14,1.465143134719447
15,1.4899348208778782
16,1.5152465356023688
17,1.463461198304829
18,1.484331350577505
19,1.4773548904218172
