epoch,train_reward
0,0.0035770358517766
1,0.0038903458043932915
2,0.0033322590109156934
3,0.0033011176427336117
4,0.003111660223160135
5,0.0031063767444146307
6,0.0030778547454821436
7,0.003040609244061144
8,0.0029355170523845836
9,0.003012418587643065
10,0.0030355413297289296
11,0.0029038626112435992
12,0.002958207219643028
13,0.002906150846300941
14,0.002866663994561685
15,0.0028590571846028694
16,0.0030240274745186695
17,0.002893386813076703
18,0.0028569396511700595
19,0.0028189928393418853
