epoch,train_loss
0,3.040809588432312
1,2.8664432764053345
2,2.834101052284241
3,2.8050878047943115
4,2.784929003715515
5,2.788081645965576
6,2.761422247886658
7,2.7434300661087034
8,2.7284361124038696
9,2.7188687467575074
10,2.706970491409302
11,2.7020983934402465
12,2.691428332328796
13,2.68175000667572
14,2.6784170627593995
15,2.6755108308792113
16,2.6673000192642213
17,2.6454576444625855
18,2.6544101095199584
19,2.645028676986694
