epoch,train_acc
0,0.25379680765086204
1,0.25476635461566094
2,0.25153078978089083
3,0.25280060165229884
4,0.25082783315373564
5,0.24947944728807472
6,0.25128945536997127
7,0.25003507767600575
8,0.24952013739224138
9,0.2505584366020115
10,0.2515083400682471
11,0.25234459186422414
12,0.25108179552801724
13,0.2532664331896552
14,0.25335482893318967
15,0.25452922952586204
16,0.2530812230603448
17,0.2533842941810345
18,0.25426684850933906
19,0.2534319998204023
