epoch,train_loss
0,3.5114714523841597
1,3.501491460306891
2,3.5760105820907944
3,3.5712670156325417
4,3.598893956206311
5,3.614821218896186
6,3.609065055847168
7,3.623645718070282
8,3.624813170268618
9,3.6330351377355643
10,3.6179185996110412
11,3.60985297444223
12,3.6356153378541443
13,3.6209576993153014
14,3.635291151616765
15,3.6202163161902594
16,3.6134520371754966
17,3.6258290526510657
18,3.6262938318581415
19,3.631227350783074
