epoch,train_loss
0,3.0555571269989015
1,2.8779970026016235
2,2.8432374668121336
3,2.81457941532135
4,2.793896369934082
5,2.7986374044418336
6,2.7696533012390137
7,2.7536994934082033
8,2.739844741821289
9,2.7270256805419923
10,2.716372375488281
11,2.7122194242477415
12,2.7014638900756838
13,2.6865755701065064
14,2.6901121234893797
15,2.6900964164733887
16,2.6779470920562742
17,2.657473673820496
18,2.662121639251709
19,2.6568804597854614
