epoch,train_loss
0,4.19688241481781
1,4.0950394630432125
2,4.09798668384552
3,4.113266477584839
4,4.121211862564087
5,4.12708065032959
6,4.124804229736328
7,4.1406340980529786
8,4.146033916473389
9,4.155685367584229
10,4.153571081161499
11,4.157707252502441
12,4.1616298198699955
13,4.1468543481826785
14,4.159012928009033
15,4.132793378829956
16,4.162617092132568
17,4.153589839935303
18,4.1583781242370605
19,4.164229364395141
