epoch,train_acc
0,0.28364000822368424
1,0.29061729029605265
2,0.2962196751644737
3,0.2945620888157895
4,0.2989309210526316
5,0.3002672697368421
6,0.3008840460526316
7,0.3048031455592105
8,0.3072959498355263
9,0.3049059416118421
10,0.30342824835526316
11,0.30732164884868424
12,0.3063707853618421
13,0.30191200657894735
14,0.30644788240131576
15,0.30419921875
16,0.30660207648026316
17,0.3049444901315789
18,0.3053942228618421
19,0.3065121299342105
