epoch,train_loss
0,3.1405144365210282
1,2.9526179087789437
2,2.8966557854100277
3,2.898782642264115
4,2.8683940109453703
5,2.8674013489171077
6,2.8408381060550085
7,2.835785426591572
8,2.8250647218603837
9,2.812244277251394
10,2.843124138681512
11,2.8285721352225854
12,2.822597051921644
13,2.828014348682604
14,2.8253465577175745
15,2.817598405637239
16,2.818085457149305
17,2.803950410140188
18,2.8207793612229195
19,2.8091417237331995
