epoch,train_acc
0,0.2956285978618421
1,0.31063682154605265
2,0.3121530633223684
3,0.30976305509868424
4,0.31500565378289475
5,0.31659899259868424
6,0.3186806126644737
7,0.32211143092105265
8,0.3229209498355263
9,0.3226254111842105
10,0.32207288240131576
11,0.32635176809210525
12,0.324462890625
13,0.3238975123355263
14,0.32577354029605265
15,0.3259148848684211
16,0.3279579564144737
17,0.32355057565789475
18,0.32744397615131576
19,0.32709703947368424
