epoch,train_loss
0,2.941352706206472
1,2.7534002002916838
2,2.6916362862837944
3,2.683859247910349
4,2.655164204145733
5,2.6341331883480676
6,2.628909750988609
7,2.614533725537752
8,2.5990203179811178
9,2.5971414039009497
10,2.594784146861026
11,2.5722232115896126
12,2.5694393986149837
13,2.5786398962924353
14,2.548799577512239
15,2.5505354906383313
16,2.5435736430318734
17,2.5489125377253483
18,2.5482528084202816
19,2.547327292592902
