epoch,train_acc
0,0.242954955507287
1,0.23919759844450672
2,0.23645183751401344
3,0.23502969100336324
4,0.23523441879204035
5,0.23466512226737668
6,0.23474285313901344
7,0.23474285313901344
8,0.2339633548206278
9,0.2338998563621076
10,0.23363272491591927
11,0.2327776853279148
12,0.23196534297926008
13,0.2319226457399103
14,0.23106651135089687
15,0.23146501891816143
16,0.23312254764573992
17,0.23217116556894618
18,0.2312143094871076
19,0.2314420280969731
