epoch,train_loss
0,3.790846130773091
1,3.858159611577945
2,3.9163806951634017
3,3.9707754877116113
4,4.008203139754154
5,4.047384854389413
6,4.058249238360623
7,4.097365860447221
8,4.138572698216802
9,4.145821710338507
10,4.150073282387225
11,4.18730256696453
12,4.214065297302109
13,4.211096278220548
14,4.2291363483052615
15,4.263223951707507
16,4.2452784888947495
17,4.242934096554469
18,4.286416415141837
19,4.299007328101872
