epoch,train_reward
0,0.6896482155462017
1,0.709788895775919
2,0.7195528478365842
3,0.7459026917213817
4,0.7624730328807916
5,0.7522702337380482
6,0.7450236381436677
7,0.7528299820262755
8,0.7794482651847361
9,0.7747856458740918
10,0.7571656292329455
11,0.7621562962040238
12,0.7822421003350228
13,0.7658373456899361
14,0.7714361206298451
15,0.77118454385766
16,0.7634029762627298
17,0.7730990477206996
18,0.7761891489606267
19,0.7760887413281496
