epoch,train_loss
0,2.468898878097534
1,2.103634824752808
2,2.068686637878418
3,2.0110390043258666
4,2.0146719861030578
5,1.9539209508895874
6,1.9526197338104248
7,1.9635161924362183
8,1.9135071921348572
9,1.8982200717926025
10,1.8874785161018373
11,1.8772589945793152
12,1.9413538217544555
13,1.8828522920608521
14,1.8467540502548219
15,1.8732381343841553
16,1.8843237996101379
17,1.839614806175232
18,1.7966946101188659
19,1.7768468928337098
