epoch,train_loss
0,2.1888027881321155
1,1.8700595466714156
2,1.8201176555533158
3,1.8970986228240163
4,1.9344523643192493
5,1.9964211363541453
6,1.9640193361985057
7,2.012993467481513
8,2.042445935701069
9,2.105354114582664
10,2.1796971434041073
11,2.154319581232573
12,2.1433101641504386
13,2.1324384463460824
14,2.258059175390946
15,2.2545321866085657
16,2.1778169556667932
17,2.183182615982859
18,2.2596197379262826
19,2.1088364626231946
