epoch,train_acc
0,0.298846365391523
1,0.3050326643318966
2,0.30765226517600575
3,0.30841836161997127
4,0.31126245959051724
5,0.3109215045797414
6,0.3118980670797414
7,0.3135284774604885
8,0.3134527096803161
9,0.31403359599497127
10,0.31289146686422414
11,0.31508873248922414
12,0.3151448567708333
13,0.3165591886673851
14,0.31503681752873564
15,0.31621542744252873
16,0.3167486081178161
17,0.31689172503591956
18,0.3174108746408046
19,0.31812786233836204
