epoch,train_loss
0,2.9324931303660073
1,2.8563310168255334
2,2.843463041316504
3,2.8353715203274255
4,2.8189872777324982
5,2.8146557355749198
6,2.8023151858099578
7,2.7992330241477354
8,2.792358017515862
9,2.785850489276579
10,2.784603302506195
11,2.777263435824164
12,2.772621320581984
13,2.765980401258359
14,2.7692235365681266
15,2.7575149467621727
16,2.7525309981970953
17,2.7501119649273225
18,2.752144724473186
19,2.7492496857697937
