epoch,train_reward
0,0.9915516801264094
1,0.9926628545783032
2,0.9925951813829357
3,0.9934324228215492
4,0.9933902573311466
5,0.9933329063585434
6,0.9928593173109251
7,0.9931124623479515
8,0.9934038937776938
9,0.9934316924933729
10,0.9934683102985908
11,0.9935452578396633
12,0.9937505475405989
13,0.9936565712265585
14,0.9936104690891573
15,0.9936609377806214
16,0.9936354509715376
17,0.9934305644583428
18,0.9935956292453854
19,0.9934132633538082
