epoch,train_loss
0,1.0064028628391795
1,0.6935386817053993
2,0.5847100236333242
3,0.5215498849306957
4,0.48101929139972915
5,0.4480353499403094
6,0.42605935140411455
7,0.4073902563293382
8,0.39281632566806113
9,0.379999511165194
10,0.3665638990921549
11,0.35856467588703234
12,0.3501070979798194
13,0.3406878202268393
14,0.33460681819089566
15,0.3324125510926294
16,0.32449043815088746
17,0.32158159560496263
18,0.3164477401440687
19,0.3117034638872241
