epoch,train_loss
0,3.1712093682124696
1,3.077264247269466
2,3.06473826128861
3,3.0401803323592262
4,3.048089602897907
5,3.0328917914423448
6,3.020417868405923
7,3.013731320699056
8,3.005319206193946
9,3.0034325835348548
10,2.9876368086913536
11,2.981679277858515
12,2.993857453609335
13,2.983984219616857
14,2.979808342867884
15,2.967783770341983
16,2.9668830276905807
17,2.956209951433642
18,2.9449516315569824
19,2.9538083747885695
