epoch,train_loss
0,4.00494993360419
1,3.9036496814928556
2,3.853420483438592
3,3.809088531293367
4,3.8005158775731136
5,3.846255340074238
6,3.8214658937956156
7,3.8106249257137903
8,3.8070813229209497
9,3.7990949153900146
10,3.7928270164288973
11,3.832328520323101
12,3.848177671432495
13,3.833720169569317
14,3.833905759610628
15,3.8582214681725753
16,3.867720754523026
17,3.863538478550158
18,3.8958017449629936
19,3.8512883311823796
