epoch,train_acc
0,0.21913548519736842
1,0.22518760279605263
2,0.22863127055921054
3,0.23032740542763158
4,0.23112407483552633
5,0.23001901726973684
6,0.22742341694078946
7,0.22947933799342105
8,0.2288111636513158
9,0.2314967105263158
10,0.23335988898026316
11,0.2341822574013158
12,0.23341128700657895
13,0.23224198190789475
14,0.2345677425986842
15,0.22893965871710525
16,0.22990337171052633
17,0.23192074424342105
18,0.23009611430921054
19,0.23256321957236842
