epoch,train_loss
0,3.9769128498278166
1,3.8502978274696753
2,3.834855054554186
3,3.7798838740900944
4,3.7638069077541956
5,3.7816887027338932
6,3.7997327729275354
7,3.7828639055553235
8,3.809677337345324
9,3.787567602960687
10,3.807124928424233
11,3.7953534000798275
12,3.804306620045712
13,3.821495947084929
14,3.796750131406282
15,3.82182146373548
16,3.8239411680321944
17,3.8143366010565507
18,3.825453883723209
19,3.830729321429604
