epoch,train_reward
0,0.44571083627249064
1,0.3870027237816861
2,0.5182124972343445
3,0.5021356093256097
4,0.36341115204911484
5,0.42760488547776876
6,0.4979125982836673
7,0.49712154426072774
8,0.5667452780823958
9,0.5086217224597931
10,0.5163418101636987
11,0.5999471607961153
12,0.5651237745034067
13,0.509569188481883
14,0.5454137168432537
15,0.5619334641255831
16,0.5326698093037856
17,0.4917897566368705
18,0.5218343279863659
19,0.524003017889826
