epoch,train_acc
0,0.5264571340460527
1,0.5952533922697368
2,0.6186266447368421
3,0.6211322985197368
4,0.6321700246710527
5,0.6349583675986842
6,0.6406635485197368
7,0.6334035773026315
8,0.6267475328947368
9,0.6290861430921053
10,0.6273771587171053
11,0.6356393914473685
12,0.6224943462171053
13,0.6288805509868421
14,0.6365774054276315
15,0.6381321957236842
16,0.6358578330592105
17,0.6305124383223685
18,0.6477307771381579
19,0.6456877055921053
