epoch,train_loss
0,2.1685373092952527
1,1.9071071587110822
2,1.8870237250077098
3,1.9867329221022756
4,1.9789251779255115
5,2.0102752321644832
6,2.0460699294742786
7,2.157069068205984
8,2.136623508051822
9,2.0748939765127083
10,2.100988595109237
11,2.223618833642257
12,2.30642537066811
13,2.3898280670768335
14,2.285367225345812
15,2.2605597470936023
16,2.439282028298629
17,2.3598335667660364
18,2.2438798327195015
19,2.383769474531475
