epoch,train_reward
0,0.2084371102483649
1,0.18777976694859957
2,0.18637072334164068
3,0.19908477444397776
4,0.1965951598004291
5,0.17708888179377505
6,0.1804304334678148
7,0.19429200730825724
8,0.17763288632819527
9,0.17697247705961527
10,0.20274471766070315
11,0.18195641354510658
12,0.1853548311873486
13,0.20812059389917473
14,0.2070181158028151
15,0.19883983621471807
16,0.1960767178159011
17,0.18810511890210604
18,0.1916066039549677
19,0.1840889610742268
