epoch,train_acc
0,0.5186703330592105
1,0.5959215666118421
2,0.6214920847039473
3,0.6405222039473685
4,0.6540270353618421
5,0.6496196546052632
6,0.6554276315789473
7,0.6567768297697368
8,0.6630473889802632
9,0.6656686883223685
10,0.6614283511513158
11,0.6634971217105263
12,0.6670435855263158
13,0.6708084909539473
14,0.6731599506578947
15,0.6782997532894737
16,0.6764237253289473
17,0.6771175986842105
18,0.6808568050986842
19,0.6815635279605263
