epoch,train_loss
0,2.1397674773868762
1,1.831024264034472
2,1.7862499450382434
3,1.746324714861418
4,1.75032167058242
5,1.7916395664215088
6,1.8251908641112478
7,1.9006358322344328
8,1.7925091981887817
9,1.863367758299175
10,1.9090685781679655
11,1.9845074289723446
12,1.9542723078476756
13,1.9316137903615047
14,1.9761469991583573
15,1.923647780167429
16,1.8407801577919407
17,1.8980451132121838
18,1.9807849996968319
19,1.885272176642167
