epoch,train_reward
0,0.024915471084808048
1,0.023115217685699463
2,0.022419485998781102
3,0.021951920597961073
4,0.023708508202904148
5,0.02053596736177018
6,0.021758381571424634
7,0.020665485117780536
8,0.020687821468240337
9,0.0203317780243723
10,0.020853334155521895
11,0.01932443423490775
12,0.02026596341870333
13,0.019476284518053655
14,0.019446954327194316
15,0.018682217911670084
16,0.0212782415512361
17,0.019689824922304405
18,0.021380803988952386
19,0.020236244425177574
