epoch,train_acc
0,0.6157483552631579
1,0.748303865131579
2,0.7980057565789473
3,0.8284719366776315
4,0.82861328125
5,0.8561369243421053
6,0.8716591282894737
7,0.885986328125
8,0.8920384457236842
9,0.8931692023026315
10,0.9017012746710527
11,0.909912109375
12,0.9153988486842105
13,0.9172748766447368
14,0.9157200863486842
15,0.9149105674342105
16,0.924059416118421
17,0.9280042146381579
18,0.9320389597039473
19,0.9335552014802632
