epoch,train_loss
0,1.6329059977280467
1,1.0130168826956498
2,0.8143997631574932
3,0.6889736715115999
4,0.6961111489095186
5,0.589373340732173
6,0.5331968006334806
7,0.47809604594582006
8,0.4473720710528524
9,0.43669694975802775
10,0.40595656633377075
11,0.380174878396486
12,0.35303137176915217
13,0.3422504224275288
14,0.3497401209254014
15,0.34623573485173675
16,0.31784763461665105
17,0.2960351548696819
18,0.2833309808844014
19,0.2749084908711283
