epoch,train_loss
0,3.1190060439862703
1,2.9628039159272848
2,2.9057143110977974
3,2.937474112761648
4,2.8789662436435095
5,2.864859279833342
6,2.850623243733456
7,2.8503099617205168
8,2.865828639582584
9,2.8095083989595113
10,2.851183853651348
11,2.82269959700735
12,2.802611074949566
13,2.841067351792988
14,2.8079215476387427
15,2.760482624957436
16,2.7520341371235095
17,2.7809692558489347
18,2.759851292559975
19,2.7357068563762463
