epoch,train_reward
0,0.10809916532353352
1,0.08230885422151339
2,0.09301420948223064
3,0.10312409346040927
4,0.07537590633881719
5,0.14078617997859655
6,0.12651822010153219
7,0.14563872861234764
8,0.07927863633162097
9,0.08054089722664733
10,0.16527821672590157
11,0.1788757788507562
12,0.12374983767145559
13,0.16854256469952433
14,0.10776439662042417
15,0.05495245519437288
16,0.15172250647293894
17,0.05316813290119171
18,0.1554812055669333
19,0.11662250521935914
