epoch,train_acc
0,0.203701171875
1,0.2053173828125
2,0.2040283203125
3,0.20322265625
4,0.203662109375
5,0.2031982421875
6,0.2021728515625
7,0.2019482421875
8,0.2012451171875
9,0.203798828125
10,0.201083984375
11,0.20326171875
12,0.2014501953125
13,0.204248046875
14,0.2031396484375
15,0.205048828125
16,0.20259765625
17,0.2019921875
18,0.2004052734375
19,0.202578125
