epoch,train_loss
0,4.193932948112487
1,4.0936252784729
2,4.103289728164673
3,4.104021453857422
4,4.119005069732666
5,4.147455615997314
6,4.150668306350708
7,4.146223649978638
8,4.15621660232544
9,4.1646397590637205
10,4.1661631298065185
11,4.138008060455323
12,4.163288516998291
13,4.147041993141174
14,4.161571588516235
15,4.13765320777893
16,4.173742027282715
17,4.1476149749755855
18,4.178554935455322
19,4.176860303878784
