epoch,train_reward
0,0.5964699655771255
1,0.6139590907096862
2,0.730591094493866
3,0.7825432276725769
4,0.7004763603210449
5,0.8058619344234467
6,0.78173353433609
7,0.8253754818439484
8,0.7681430387496948
9,0.7541137874126435
10,0.7814728474617004
11,0.8021991014480591
12,0.8244383990764618
13,0.77189124584198
14,0.7827782368659973
15,0.8015943205356598
16,0.7819841229915618
17,0.8398306286334991
18,0.8031831037998199
19,0.8572305703163147
