epoch,train_loss
0,4.160724527534398
1,4.123385012834921
2,4.1432416603483
3,4.199580192565918
4,4.162108566569186
5,4.150172113002031
6,4.1478610943103655
7,4.149496519702605
8,4.157159262690051
9,4.154587104402739
10,4.1405665901885635
11,4.159359518138841
12,4.140069534038675
13,4.146934522979561
14,4.14761497234476
15,4.137117418749579
16,4.12697060628869
17,4.125291810638603
18,4.135601083437602
19,4.151712466930521
