epoch,train_reward
0,0.30778772617294187
1,0.33140726670108994
2,0.3783639295604722
3,0.38926651337366
4,0.4175251495392843
5,0.33248078895882627
6,0.3378921415357069
7,0.37476067519050904
8,0.37994303554296494
9,0.41334506192769127
10,0.4125509191004709
11,0.45340066240436727
12,0.43128367753207
13,0.35798701104418984
14,0.39806214180485955
15,0.2829649048033117
16,0.3893611812214742
17,0.40079653922511244
18,0.4015467608797139
19,0.4321190718261675
