epoch,train_acc
0,0.25542249177631576
1,0.2633249383223684
2,0.2673468338815789
3,0.26773231907894735
4,0.2698010896381579
5,0.2730648643092105
6,0.26460988898026316
7,0.2683876439144737
8,0.27255088404605265
9,0.2717542146381579
10,0.2642629523026316
11,0.26786081414473684
12,0.27117598684210525
13,0.2650210731907895
14,0.27228104440789475
15,0.26983963815789475
16,0.2730777138157895
17,0.27139442845394735
18,0.26522666529605265
19,0.27237099095394735
