epoch,train_loss
0,3.432563430384586
1,3.2896303503136886
2,3.2309155966106213
3,3.228464226973684
4,3.1815646196666516
5,3.1679114417025915
6,3.223618795997218
7,3.203530800969977
8,3.16804185666536
9,3.1617591757523384
10,3.2305384058701363
11,3.225573075445075
12,3.2065494562450207
13,3.243372766595138
14,3.214425199910214
15,3.22516814031099
16,3.177082814668354
17,3.172881816562853
18,3.2147062954149748
19,3.1721238964482357
