epoch,train_reward
0,0.017567621544003487
1,0.020038338427088763
2,0.021127999711193536
3,0.01933982419340234
4,0.027364489083227358
5,0.02626689925397697
6,0.02332253254165775
7,0.020983900384683358
8,0.023326928237159
9,0.02098280907069382
10,0.030324522896032585
11,0.03083582722434872
12,0.02621190151885936
13,0.028894405517923206
14,0.02590739246653883
15,0.03044463311763186
16,0.027474375049534597
17,0.021709032356739044
18,0.026215414369576855
19,0.024303227565006205
