epoch,train_loss
0,1.9559609245979923
1,1.8059537561460473
2,1.7652230475140713
3,1.8623824503229953
4,1.8556007318113041
5,1.8697832959821854
6,1.9099149066826393
7,1.9816458108781398
8,1.9475660235032268
9,1.9745231695558834
10,1.9447333017985027
11,2.0361091042387076
12,2.0945255852293694
13,2.1266963557265273
14,2.1480272590428933
15,2.1160046170497764
16,2.1111609963164932
17,2.123893107490978
18,2.173413415064757
19,2.1614484677369568
