epoch,train_acc
0,0.19387335526315788
1,0.19333367598684212
2,0.20074784128289475
3,0.19973273026315788
4,0.20773797286184212
5,0.206298828125
6,0.20205849095394737
7,0.20253392269736842
8,0.20451274671052633
9,0.19835783305921054
10,0.20222553453947367
11,0.20318924753289475
12,0.204345703125
13,0.2040501644736842
14,0.20074784128289475
15,0.20437140213815788
16,0.20210988898026316
17,0.20070929276315788
18,0.19855057565789475
19,0.19718852796052633
