epoch,train_acc
0,0.2133997074691704
1,0.2105127172085202
2,0.20930624649663676
3,0.20741224075112108
4,0.20859243623878923
5,0.2091628275644619
6,0.20720751296244394
7,0.20758850371356502
8,0.2073268462724215
9,0.20877964721132286
10,0.20829246076233185
11,0.20868220992152467
12,0.20816217944226456
13,0.20912231992713004
14,0.20883219765975336
15,0.2105400872337444
16,0.21061234410033633
17,0.20978905374159193
18,0.2103550658632287
19,0.2086909683295964
