epoch,train_loss
0,4.16398735003621
1,4.205338225770959
2,4.2367325470586525
3,4.267148317242952
4,4.277438954922116
5,4.275515494325236
6,4.297123975283362
7,4.3018851365743735
8,4.308283358945975
9,4.305359363555908
10,4.3046929911113105
11,4.304973563805824
12,4.316071638611935
13,4.307940356934552
14,4.317438480565366
15,4.307653702962559
16,4.319083534548636
17,4.310807093376536
18,4.314730494546248
19,4.322500130520808
