epoch,train_loss
0,1.825344091859357
1,1.6057896374285907
2,1.6090369752083702
3,1.585262519874792
4,1.5943243181568452
5,1.593862976836062
6,1.6033344474332085
7,1.6739333409002457
8,1.6686722622520622
9,1.7054369422211044
10,1.686185935447956
11,1.6998995796017262
12,1.7272887421750474
13,1.7740375365333996
14,1.779086933053773
15,1.7985268214653278
16,1.8007098895379867
17,1.8342998891041196
18,1.8033550258340507
19,1.8417485034328767
