epoch,train_loss
0,3.456382083892822
1,3.338916792869568
2,3.3316664361953734
3,3.3556875801086425
4,3.3406055116653444
5,3.3884962797164917
6,3.3708309936523437
7,3.3812561941146853
8,3.3701745462417603
9,3.3714309310913086
10,3.4034364223480225
11,3.3966921520233155
12,3.3970670747756957
13,3.4174182987213135
14,3.407306351661682
15,3.405461378097534
16,3.414852948188782
17,3.4097813606262206
18,3.425710959434509
19,3.416573371887207
