epoch,train_acc
0,0.28125
1,0.2958984375
2,0.2995348478618421
3,0.29922645970394735
4,0.30096114309210525
5,0.3019891036184211
6,0.29837839226973684
7,0.3027600740131579
8,0.3059853001644737
9,0.3062808388157895
10,0.30416067023026316
11,0.3069618626644737
12,0.30806692023026316
13,0.3033254523026316
14,0.30917197779605265
15,0.3075400904605263
16,0.30864514802631576
17,0.30557411595394735
18,0.30374948601973684
19,0.30887643914473684
