epoch,train_loss
0,3.093843610663163
1,2.927647829055786
2,2.86417051365501
3,2.855708498703806
4,2.8232245947185315
5,2.814817503878945
6,2.8210389614105225
7,2.8152181976719906
8,2.7880985862330387
9,2.7856984389455697
10,2.804252737446835
11,2.7928651132081685
12,2.782755688617104
13,2.8047095725410864
14,2.776466909207796
15,2.7715417083941007
16,2.752333063828318
17,2.768166341279682
18,2.78893948856153
19,2.7633563091880395
