epoch,train_reward
0,0.017040105536580086
1,0.01706279583863522
2,0.015512189533757536
3,0.01485209201315516
4,0.018085950446364126
5,0.01949544054897208
6,0.018025098809678303
7,0.014334830553515962
8,0.0177444831321114
9,0.018029026638128255
10,0.0195832929917072
11,0.021517033835774975
12,0.017281159268398034
13,0.02220603706021058
14,0.02086797459541183
15,0.02129818038328698
16,0.018516748457362776
17,0.015339016326163945
18,0.019618746089307887
19,0.02127537101899323
