epoch,train_loss
0,1.4683211728146202
1,0.8319474929257443
2,0.639602077634711
3,0.5176387962542082
4,0.4353947592409034
5,0.39877843543102864
6,0.3604912679446371
7,0.3348012880275124
8,0.30615245511657313
9,0.2905038187378331
10,0.27988678060079875
11,0.26582378384314087
12,0.25692363004935415
13,0.25197325568450124
14,0.241067761653348
15,0.24134190066864616
16,0.24804013575378217
17,0.2440995205389826
18,0.22759934397120224
19,0.20259015262126923
