epoch,train_loss
0,3.0991331818460046
1,3.0510372663366385
2,3.0541477559626786
3,3.0628374554645057
4,3.0567010586289154
5,3.0528836949118254
6,3.0411444121393663
7,3.043767234374737
8,3.0383020680526207
9,3.0378255926329514
10,3.0316648113316504
11,3.032045743931299
12,3.0300773779551187
13,3.0303212911233133
14,3.02989308587436
15,3.0250767428299477
16,3.0227716339045556
17,3.0242281302638436
18,3.0270756798228997
19,3.0215110723999725
