epoch,train_acc
0,0.4156943873355263
1,0.44906455592105265
2,0.4779502467105263
3,0.47710217927631576
4,0.4870862458881579
5,0.4951300370065789
6,0.5020944695723685
7,0.4952585320723684
8,0.49539987664473684
9,0.5055252878289473
10,0.5007067228618421
11,0.48578844572368424
12,0.4947317023026316
13,0.5027497944078947
14,0.5174881784539473
15,0.5217542146381579
16,0.5106522409539473
17,0.4949501439144737
18,0.49443616365131576
19,0.5027369449013158
