epoch,train_loss
0,2.7900419737163342
1,2.6376360717572664
2,2.6230546549746863
3,2.7488303435476205
4,2.6496353651347913
5,2.6551241623727897
6,2.692872536809821
7,2.6839941928261206
8,2.7978364291944002
9,2.6932104512264856
10,2.6461461845197176
11,2.9267110071684184
12,2.86225814568369
13,2.9219791512740287
14,2.7902281284332275
15,2.5398639628761694
16,2.683583422711021
17,2.8516609292281303
18,2.9234801342612817
19,3.0640424427233244
