epoch,train_reward
0,0.012943108394545945
1,0.012851588231952567
2,0.013583382836690075
3,0.01436704294265885
4,0.01207290192771899
5,0.012029215252321018
6,0.013489069858271825
7,0.012519131561643198
8,0.013762799679840865
9,0.012185479759385711
10,0.01256280225750647
11,0.012454183576138396
12,0.014612658929667975
13,0.012425642215499752
14,0.013359684104982176
15,0.012266237876917186
16,0.013332013236848931
17,0.015890668146312237
18,0.013247592668784293
19,0.011970023134429204
