epoch,train_loss
0,1.63104347637416
1,1.2699280565629625
2,1.1322864991667025
3,1.0458298437798503
4,0.9819919536466556
5,0.9329824960819809
6,0.894301904423889
7,0.8600501059951269
8,0.8344786896833924
9,0.8074381108241231
10,0.7894340785629547
11,0.7663699949803374
12,0.7574477698236303
13,0.742664218216199
14,0.7237196230567624
15,0.7141679070990182
16,0.705909436059105
17,0.6926057589962878
18,0.68551315721375
19,0.6757654029157664
