epoch,train_loss
0,3.2432285359031274
1,3.108220803110223
2,3.021010499251516
3,3.0360372944882044
4,2.982880893506502
5,3.0031262322476038
6,3.0203155341901278
7,3.004941601502268
8,2.9678744140424227
9,2.951900130824039
10,2.9946323821419165
11,3.0128030149560225
12,2.9810614083942615
13,3.0104294576142965
14,2.9815947507557117
15,2.958984011097958
16,2.9500463887264856
17,2.94895339012146
18,2.9902918087808708
19,2.957836527573435
