epoch,train_reward
0,0.01793884973678934
1,0.017138078759767507
2,0.01717023100507887
3,0.01627137423738053
4,0.020632006424038035
5,0.02017694662668203
6,0.02044771494049775
7,0.01824425979468383
8,0.01995619964834891
9,0.018017136295767205
10,0.023942716713798672
11,0.025846869243603004
12,0.020355483713118655
13,0.024710950490675475
14,0.02408602931781819
15,0.023685890789094725
16,0.021283684788565887
17,0.017245916355597347
18,0.022160711649217103
19,0.02281281430470316
