epoch,train_acc
0,0.47246350740131576
1,0.5279219777960527
2,0.544446443256579
3,0.5515907689144737
4,0.5549830386513158
5,0.5552657277960527
6,0.5548802425986842
7,0.5736148231907895
8,0.5685521175986842
9,0.563219572368421
10,0.5631424753289473
11,0.56396484375
12,0.572985197368421
13,0.5722399259868421
14,0.5775724712171053
15,0.5808619449013158
16,0.5689376027960527
17,0.5565378289473685
18,0.5699141652960527
19,0.5760433799342105
