epoch,train_loss
0,2.397708905370612
1,2.25689128825539
2,2.2345479036632336
3,2.2857468881105123
4,2.3336737406881234
5,2.3516303865533126
6,2.4700915311512195
7,2.404356554934853
8,2.5776098652889856
9,2.5460003049750077
10,2.525816741742586
11,2.568527158937956
12,2.582183361053467
13,2.7706060785996285
14,2.5157552643826135
15,2.4358420622976205
16,2.4587458685824743
17,2.6030189990997314
18,2.5981884881069788
19,2.5699748616469535
