epoch,train_reward
0,0.02748377944685911
1,0.02386360144928882
2,0.025679294412073336
3,0.02700061027548815
4,0.026774425353658825
5,0.02477814992399592
6,0.025934362391892233
7,0.024344004102443393
8,0.02559281581718671
9,0.024606744513699885
10,0.026249108836054802
11,0.02579439088310066
12,0.02483351734515868
13,0.023885586249985193
14,0.024285977216143357
15,0.02479526773095131
16,0.026238830367985525
17,0.02617107782708971
18,0.024131649222813155
19,0.02386613474472573
