epoch,train_loss
0,1.433204220549408
1,1.056292557930198
2,0.9206753025675034
3,0.8423684832761106
4,0.7857844987257714
5,0.7406460559956162
6,0.7081993700677504
7,0.6771593919783965
8,0.6519741073852162
9,0.6333557626591669
10,0.6173867032666912
11,0.6034249739529306
12,0.5956566968573583
13,0.5863553506109213
14,0.5776452869845078
15,0.5720959451433789
16,0.5603789402497723
17,0.5498799727102032
18,0.5452154289446605
19,0.5388242801475952
