epoch,train_loss
0,1.5748115025068585
1,0.9994380066269323
2,0.8003152012825012
3,0.6860343468816656
4,0.6223642104550412
5,0.5643891786274157
6,0.4976648249124226
7,0.45870715536569295
8,0.4364771184168364
9,0.41241155172649185
10,0.3794529908581784
11,0.3583948596527702
12,0.33987493107193395
13,0.3199291495900405
14,0.32960524998213114
15,0.3412143917460191
16,0.33870524011160197
17,0.3136144688254909
18,0.28580079737462494
19,0.28458367052831146
