epoch,train_reward
0,0.00820309507023347
1,0.006716676742622727
2,0.006092261277923458
3,0.0056895905566450794
4,0.005756136177009658
5,0.005591353033914378
6,0.0052796704694628716
7,0.005755640370281119
8,0.005364589760766218
9,0.005303957009393918
10,0.0052073695206720574
11,0.0052483704578327505
12,0.0051838174021165626
13,0.005068557876113214
14,0.005099177556602578
15,0.005257916832832913
16,0.005115941362945657
17,0.005016561058398925
18,0.00478039630443642
19,0.0050480374576229795
