epoch,train_acc
0,0.3199055989583333
1,0.3288139255567529
2,0.3322375067349138
3,0.3349904027478448
4,0.33879001661278735
5,0.3384701082076149
6,0.33972869522270116
7,0.34068561422413796
8,0.3426738169001437
9,0.3435984644396552
10,0.3438524268139368
11,0.34489493534482757
12,0.3464074847341954
13,0.34762959096623564
14,0.3465463923311782
15,0.34795932112068967
16,0.3482974699173851
17,0.3480631510416667
18,0.3487268206716954
19,0.3497033831716954
