epoch,train_acc
0,0.634020353618421
1,0.7714329769736842
2,0.8147358141447368
3,0.8424265008223685
4,0.8576146175986842
5,0.8709524054276315
6,0.8842259457236842
7,0.8876439144736842
8,0.9001978824013158
9,0.9064298930921053
10,0.9133557771381579
11,0.9178788034539473
12,0.9234297902960527
13,0.9263851768092105
14,0.93115234375
15,0.933118318256579
16,0.9379625822368421
17,0.9398000616776315
18,0.9433208264802632
19,0.9422286184210527
