epoch,train_loss
0,1.5351940769898265
1,0.9252453132679588
2,0.7467486042725412
3,0.636162164964174
4,0.5766484109978927
5,0.5261532664299011
6,0.474861752045782
7,0.4634589490137602
8,0.41024839250664963
9,0.3786853489122893
10,0.35650014563610677
11,0.34591646100345413
12,0.31474099661174576
13,0.30440891730157954
14,0.2867066044556467
15,0.2786991580536491
16,0.2603193129363813
17,0.2525075956394798
18,0.2382926329186088
19,0.2396451987718281
