epoch,train_acc
0,0.2901547080592105
1,0.3030556126644737
2,0.31023848684210525
3,0.30913342927631576
4,0.30976305509868424
5,0.31405479029605265
6,0.3114077919407895
7,0.31670178865131576
8,0.3153268914473684
9,0.31851356907894735
10,0.3159436677631579
11,0.32010690789473684
12,0.31942588404605265
13,0.31671463815789475
14,0.32110916940789475
15,0.32037674753289475
16,0.3228824013157895
17,0.3217516447368421
18,0.3237176192434211
19,0.32470703125
