epoch,train_loss
0,3.0057099869376733
1,2.8061803642072176
2,2.7389761146746183
3,2.7185004133927193
4,2.6918174844039116
5,2.675559972461901
6,2.6696699042069283
7,2.6661833461962248
8,2.6563218392823873
9,2.6320079502306486
10,2.6448797928659538
11,2.634192680057726
12,2.62096054930436
13,2.6299936018492045
14,2.602213821913067
15,2.591621047572086
16,2.5712691859195105
17,2.5634905664544356
18,2.5750992423609684
19,2.5664428535260653
