epoch,train_reward
0,0.09923619512272508
1,0.12670488851635078
2,0.11331098369861904
3,0.1106497706159165
4,0.10123683727885548
5,0.14296134090737292
6,0.12450801620357915
7,0.108540457330252
8,0.11895934727631118
9,0.12417962637386824
10,0.12357381888126072
11,0.13464012918503662
12,0.1171426716211595
13,0.15960324006645302
14,0.12513423554207148
15,0.13299868059785744
16,0.11841612701353274
17,0.07828568824027714
18,0.1490339558375509
19,0.11519633390401539
