epoch,train_acc
0,0.24550267269736842
1,0.2554867393092105
2,0.25614206414473684
3,0.2542274876644737
4,0.2609991776315789
5,0.2653551603618421
6,0.26680715460526316
7,0.2643271998355263
8,0.2669613486842105
9,0.26386461759868424
10,0.26935135690789475
11,0.27030222039473684
12,0.26419870476973684
13,0.2664345189144737
14,0.2660104851973684
15,0.2695184004934211
16,0.27070055509868424
17,0.2693128083881579
18,0.26178299753289475
19,0.26435289884868424
