epoch,train_loss
0,3.583542560276232
1,3.435898078115363
2,3.4066511957268966
3,3.4193839901372005
4,3.346688283117194
5,3.3277205542514197
6,3.264504169162951
7,3.2989340957842375
8,3.3266301782507646
9,3.3270828849390934
10,3.334974113263582
11,3.3144418691333972
12,3.326246587853683
13,3.2875545275838753
14,3.313696873815436
15,3.3317402538500334
16,3.316296226099918
17,3.3075563782139827
18,3.3585164672450016
19,3.3452543082990145
