epoch,train_acc
0,0.20375462582236842
1,0.20277806332236842
2,0.2092799136513158
3,0.2113743832236842
4,0.21495939555921054
5,0.20660721628289475
6,0.21138723273026316
7,0.20978104440789475
8,0.21326326069078946
9,0.21247944078947367
10,0.21233809621710525
11,0.20766087582236842
12,0.2092799136513158
13,0.210693359375
14,0.21129728618421054
15,0.20933131167763158
16,0.20700555098684212
17,0.20408871299342105
18,0.204345703125
19,0.20584909539473684
