epoch,train_loss
0,4.173273538288317
1,4.125864028930664
2,4.067875360187731
3,4.019736980137072
4,4.013762561898482
5,4.042203790263126
6,4.001959599946675
7,3.9989825298911645
8,3.9999176201067472
9,3.983508172788118
10,3.974377657237806
11,4.03246525714272
12,4.0797018251921005
13,4.033469400907817
14,4.0337737108531755
15,4.058638146049098
16,4.090662655077483
17,4.12238725863005
18,4.1269683837890625
19,4.100793236180356
