epoch,train_reward
0,0.040548467322399744
1,0.052315021619984976
2,0.037446381818307076
3,0.04926853293651029
4,0.04050993703697857
5,0.05098913786442656
6,0.03713853392553957
7,0.054290236022911574
8,0.06005467043111199
9,0.05605928913543099
10,0.07807729863806774
11,0.07412301278428028
12,0.048211811600547085
13,0.05121531200252081
14,0.052465324143045826
15,0.059894074342752755
16,0.050462789049274044
17,0.08016770411478846
18,0.0647040136942738
19,0.05494620827467818
