epoch,train_acc
0,0.23553145559210525
1,0.24306126644736842
2,0.24478310032894737
3,0.23968184621710525
4,0.24852230674342105
5,0.25310958059210525
6,0.24671052631578946
7,0.24477025082236842
8,0.25223581414473684
9,0.24839381167763158
10,0.24533562911184212
11,0.2590075041118421
12,0.25872481496710525
13,0.25336657072368424
14,0.2571571751644737
15,0.2550113075657895
16,0.2578381990131579
17,0.2570929276315789
18,0.24434621710526316
19,0.2532509251644737
