epoch,train_loss
0,3.6922187554208854
1,3.5601376608798376
2,3.492991610577232
3,3.4261049094953036
4,3.365087634638736
5,3.3532340401097347
6,3.3943556735390112
7,3.3523605622743307
8,3.3379961314954256
9,3.4060402669404684
10,3.3978036077399003
11,3.3065089552026046
12,3.3287741134041235
13,3.3429706222132634
14,3.3137094974517822
15,3.3428516136972526
16,3.3451868358411287
17,3.2955123374336646
18,3.412308843512284
19,3.3816318888413277
