epoch,train_reward
0,0.07672293405783803
1,0.1886419653892517
2,0.23940962474597127
3,0.1422241510529267
4,0.07940899188581266
5,0.12911682811222577
6,0.09016546508983563
7,0.058020891523674914
8,0.09449355461095509
9,0.08336476667931206
10,0.16435021828663976
11,0.08280545884841367
12,0.10543540198551982
13,0.11526064417864147
14,0.11497809502639268
15,0.09714472352674133
16,0.11414016704810293
17,0.07909963554457615
18,0.1144896075129509
19,0.0949430630395287
