epoch,train_loss
0,1.5106445425435115
1,0.908515519217441
2,0.7313579477761921
3,0.6124126566083807
4,0.5435812849747507
5,0.5050918224610781
6,0.45539622714644984
7,0.46341480079450104
8,0.42444657338292974
9,0.38175315762821
10,0.34612032457401876
11,0.33788128746183294
12,0.33201543594661515
13,0.2976397134755787
14,0.2910137945099881
15,0.2788981646299362
16,0.2626922538405971
17,0.2511567936131829
18,0.2389896394390809
19,0.23319889369763827
