epoch,train_reward
0,0.0028073609757580257
1,0.002376406796668705
2,0.002332348811538204
3,0.0022130556233031186
4,0.0022133769786083384
5,0.002328474895636502
6,0.0021323380857019834
7,0.002526557832760246
8,0.0022392235267417212
9,0.002182246247110398
10,0.002106985506160479
11,0.00207572468973108
12,0.0020383979059069566
13,0.0021078506987051745
14,0.002087212823282339
15,0.002059141222975756
16,0.0020472492017832244
17,0.002017828164083001
18,0.0020130594922719816
19,0.0020016348418338517
