epoch,train_loss
0,3.9116676209986894
1,3.867718795250202
2,3.8598991111777297
3,3.8772505466965423
4,3.873138253716217
5,3.864980449621705
6,3.8583295879692865
7,3.8526636786844537
8,3.8500716097053442
9,3.8564867685581077
10,3.8367367064815827
11,3.858959254177137
12,3.838627528870243
13,3.850961471426076
14,3.8481781770443093
15,3.842403798267759
16,3.8284327723514076
17,3.8350667446509177
18,3.83872669592671
19,3.838550211369306
