epoch,train_acc
0,0.28539163221692826
1,0.29146449341367714
2,0.29481567930213004
3,0.2979139661575112
4,0.3004506200952915
5,0.30018896265414796
6,0.3024311151205157
7,0.3015760755325112
8,0.30335293757006726
9,0.3043875245235426
10,0.30381056439181614
11,0.3031033229400224
12,0.30551626436378926
13,0.3054232062780269
14,0.30674244149383406
15,0.3062070838004484
16,0.30648844765975336
17,0.30772666760089684
18,0.3089210955016816
19,0.30849412310818386
