epoch,train_loss
0,3.1769221962300116
1,3.0705500675423796
2,3.034360457963473
3,3.004851995562224
4,2.9848822296467596
5,2.9721825304587326
6,2.9574608546201424
7,2.950339016892985
8,2.935621276564662
9,2.9241890148197056
10,2.915408190055813
11,2.9116083859328197
12,2.896308378253817
13,2.896274537783567
14,2.88733024340574
15,2.880796902917426
16,2.872816523094348
17,2.8661659565741706
18,2.8645997293326886
19,2.8627173750924424
