epoch,train_reward
0,0.46866341356204766
1,0.4735175812190958
2,0.48562953277019105
3,0.48487936568367107
4,0.49528356852018246
5,0.4944615146237104
6,0.48812555959406456
7,0.4961645335894529
8,0.4921523561124844
9,0.4820906473114886
10,0.49939410007588
11,0.4751299773363789
12,0.48674490406374227
13,0.4863384132160734
14,0.4878291342023242
15,0.49070084549386406
16,0.48957311505694023
17,0.49854842763845164
18,0.49126644813426407
19,0.4994808587792743
