epoch,train_acc
0,0.23007041529605263
1,0.24185341282894737
2,0.24181486430921054
3,0.24295847039473684
4,0.24619654605263158
5,0.24452611019736842
6,0.24561831825657895
7,0.2478541324013158
8,0.25043688322368424
9,0.2519402754934211
10,0.25152909128289475
11,0.24867650082236842
12,0.25008994654605265
13,0.2509508634868421
14,0.25244140625
15,0.24890779194078946
16,0.25055252878289475
17,0.2529296875
18,0.25390625
19,0.2528011924342105
