epoch,train_loss
0,3.7676724132738615
1,3.6002848524796334
2,3.5744894931190894
3,3.5419708929563822
4,3.519618737070184
5,3.519249527077926
6,3.5228980214972245
7,3.50584834500363
8,3.493418768832558
9,3.5019285678863525
10,3.510622137471249
11,3.502702424400731
12,3.502522456018548
13,3.4974928278672066
14,3.4883232367666146
15,3.490220358497218
16,3.489268415852597
17,3.4716404990146033
18,3.4694512266861763
19,3.4594495421961735
