epoch,train_reward
0,0.2352730910244741
1,0.22882101175032163
2,0.3559746742248535
3,0.4187736181836379
4,0.21875097484965073
5,0.3261878412020834
6,0.32492447683685705
7,0.3788020344156968
8,0.39451448854647186
9,0.30726833249393265
10,0.28658604151324224
11,0.32336144698293584
12,0.38155314169431986
13,0.3118953069573955
14,0.36355858256942347
15,0.36099493817279216
16,0.31772320678359584
17,0.3367366798614201
18,0.3324159070065147
19,0.30900217749570547
