epoch,train_loss
0,0.9522075118689701
1,0.6672458528787241
2,0.5661014630191628
3,0.500616895056319
4,0.45636345343343143
5,0.4174798995941535
6,0.3830817857350426
7,0.3575097240250686
8,0.3380141542560753
9,0.31931307929000635
10,0.3050584313513219
11,0.2890658525899909
12,0.27858999362964737
13,0.27010430104431066
14,0.2625257666597421
15,0.25554583264493397
16,0.24777606258104587
17,0.24446948069608074
18,0.2375195081206574
19,0.23351903550926295
