epoch,train_reward
0,0.9854897853286787
1,0.9862958997830578
2,0.9864307898899605
3,0.9864407698998506
4,0.9861633520701836
5,0.9862882214031
6,0.9862268299892031
7,0.9863274611275772
8,0.9859501527643751
9,0.986131596839291
10,0.986161509464527
11,0.9862989862074797
12,0.986121298937962
13,0.9860862671643839
14,0.985764890909195
15,0.9861059493717106
16,0.9858224803003771
17,0.9856853050062027
18,0.9858755411087782
19,0.9858006571216145
