epoch,train_loss
0,1.5847299432754516
1,1.076843605041504
2,0.9238622045516968
3,0.8195796656608582
4,0.7467128348350525
5,0.690754896402359
6,0.654446918964386
7,0.6158304357528687
8,0.5833118915557861
9,0.5501168739795684
10,0.5225272768735886
11,0.5073233789205551
12,0.491167808175087
13,0.4801633381843567
14,0.46276968717575073
15,0.4482039725780487
16,0.4426958906650543
17,0.43533032774925234
18,0.4254801392555237
19,0.4179076093435288
