epoch,train_acc
0,0.28408974095394735
1,0.29598838404605265
2,0.29926500822368424
3,0.30264442845394735
4,0.3058054070723684
5,0.30888928865131576
6,0.30707750822368424
7,0.30859375
8,0.31499280427631576
9,0.3102898848684211
10,0.31012284128289475
11,0.313232421875
12,0.3120374177631579
13,0.31197317023026316
14,0.3133095189144737
15,0.3149285567434211
16,0.31710012335526316
17,0.3148257606907895
18,0.3142860814144737
19,0.3165347450657895
