epoch,train_loss
0,3.0729132451509176
1,2.8890539972405684
2,2.8228680209109656
3,2.789692201112446
4,2.7536839434975073
5,2.7339678689053186
6,2.7289579793026575
7,2.7306367849048816
8,2.7031562955755937
9,2.7038824809224984
10,2.7042184127004525
11,2.697128973509136
12,2.7031687058900533
13,2.690071858857807
14,2.6793009230965064
15,2.669537356025294
16,2.675209647730777
17,2.669593045586034
18,2.670873340807463
19,2.655312462856895
