epoch,train_acc
0,0.2256111179232063
1,0.2295940039938341
2,0.2310993553811659
3,0.2309077652045964
4,0.23277330612387892
5,0.23397320802970853
6,0.23357032125840807
7,0.23522128117993274
8,0.23538769093329595
9,0.23655036960482062
10,0.2361573360426009
11,0.23694997197309417
12,0.2377053846692825
13,0.23660948885930494
14,0.23832723164237668
15,0.23768348864910313
16,0.23934758618273544
17,0.23898301744674888
18,0.23931145774943946
19,0.23904980030829595
