epoch,train_loss
0,3.9603027912533335
1,3.904430639583434
2,3.8871321111516566
3,3.8721532789581024
4,3.8529035318058167
5,3.839205536607135
6,3.8394068377969512
7,3.823618950865194
8,3.8140170178605834
9,3.8074219536888223
10,3.799059771636142
11,3.792815346354326
12,3.7863687014900513
13,3.781758899645955
14,3.7745371602575877
15,3.7687028651814822
16,3.7651029819864865
17,3.760095506505581
18,3.7568544753463815
19,3.756894261313126
