epoch,train_reward
0,0.463808771874338
1,0.46825274103425546
2,0.4870587624776524
3,0.4862206670468164
4,0.4723585531315996
5,0.5014200880121222
6,0.49232829178395293
7,0.4806812917437789
8,0.49675087383509753
9,0.4940411153128329
10,0.501730179038283
11,0.4834911065518589
12,0.49165689424014414
13,0.47610967643057817
14,0.48015252530842084
15,0.49064468989992355
16,0.48340542353856725
17,0.4912121854555446
18,0.49598923018160423
19,0.5104461388470346
