epoch,train_loss
0,3.0129678377656126
1,2.884441224983455
2,2.839821802661023
3,2.8122223546152156
4,2.7828817410319378
5,2.769203255529361
6,2.7518536445805846
7,2.7414910023522485
8,2.7279513277815064
9,2.7112896666933066
10,2.7069580865013223
11,2.699497480563519
12,2.6886276920814685
13,2.6829742412396076
14,2.6757903227357054
15,2.6689711151636235
16,2.663853223013771
17,2.6576306894755684
18,2.6571886186642497
19,2.649236584992687
