epoch,train_loss
0,3.6401840719846215
1,3.6117662333025793
2,3.6105048786295524
3,3.6022247760602744
4,3.597285340328028
5,3.586690902709961
6,3.586217790546984
7,3.582314998796671
8,3.5728692123205357
9,3.5691443941380716
10,3.565368391499661
11,3.5625176146478936
12,3.558743229006777
13,3.552483105423427
14,3.558792529719891
15,3.54781178672715
16,3.5475359104647497
17,3.547712183234715
18,3.547871233213066
19,3.5380408704871
