epoch,train_loss
0,3.3184398118690526
1,3.249101659107636
2,3.221924297478167
3,3.2035821927502552
4,3.1803897539061814
5,3.166147002190218
6,3.1601083032753436
7,3.1622683189374983
8,3.1516127126633853
9,3.1336287938960465
10,3.133973265977184
11,3.1271857637995564
12,3.1176400312928343
13,3.106606867281311
14,3.106923137545051
15,3.1036401660987614
16,3.0940681989952052
17,3.085790728239735
18,3.0914100713259436
19,3.083731179814702
