epoch,train_reward
0,0.40851000673033194
1,0.4273265280798412
2,0.4386013871885736
3,0.43579355376718293
4,0.44116006424074217
5,0.4387271480442697
6,0.44793283979454385
7,0.44680331747628116
8,0.44750809322023605
9,0.4424345330272555
10,0.46774651223768565
11,0.4578407238417142
12,0.4214533898862488
13,0.43941982310983635
14,0.4488050638292937
15,0.4533979555951106
16,0.45057655944417946
17,0.4543484180764767
18,0.443004186645217
19,0.4467444981160185
