epoch,train_loss
0,1.7682632107545835
1,1.8514861688755526
2,1.9974964479408641
3,2.0893524135693466
4,2.205942771812477
5,2.266473907055241
6,2.3231370224811063
7,2.3584184599394846
8,2.3852662261169737
9,2.4234154248001554
10,2.4111261379600752
11,2.4915769076583407
12,2.510927432834512
13,2.5940912879339537
14,2.576910208947588
15,2.6086703503485955
16,2.643648403705937
17,2.6161702127739934
18,2.660141883510174
19,2.728492583378707
