epoch,train_loss
0,3.3863763850310753
1,3.333623869665738
2,3.3048268200337203
3,3.2771722804540877
4,3.2839982331484214
5,3.271048932239927
6,3.253347015928948
7,3.2550550288167495
8,3.2603507069335587
9,3.2537220168387755
10,3.22245075373814
11,3.236008423498307
12,3.244969583105767
13,3.242852001354612
14,3.2233049389959754
15,3.246118215308792
16,3.236315154481208
17,3.2029284307326393
18,3.2036313078869347
19,3.190671120566883
