epoch,train_acc
0,0.28607150364349776
1,0.2912006463705157
2,0.29501164868273544
3,0.2966166269618834
4,0.3000729137471973
5,0.30079986161715244
6,0.30169650364349776
7,0.3023084974075112
8,0.3039288029007848
9,0.3054648087163677
10,0.3040098181754484
11,0.3047991697029148
12,0.30666033141816146
13,0.3066001173626682
14,0.3078438113088565
15,0.3069712549047085
16,0.30807809872477576
17,0.3097597130745516
18,0.3088926306754484
19,0.3087962881866592
