epoch,train_loss
0,3.158561411459884
1,3.0607101019187892
2,3.0203433614140667
3,2.9967010962054332
4,2.970126663088264
5,2.9537361042381938
6,2.9403460538975326
7,2.931744960391468
8,2.913710418838022
9,2.902477212016358
10,2.894609573176089
11,2.884319285106231
12,2.872874475915336
13,2.8637525821480514
14,2.8583267943206923
15,2.852396979994838
16,2.844420201040704
17,2.839082558593408
18,2.8377913060209674
19,2.8339969352756382
