epoch,train_reward
0,0.5259228001260972
1,0.5546030530480526
2,0.5784854659050569
3,0.6099704482630229
4,0.6096488221343858
5,0.6072695755103243
6,0.6103834659529374
7,0.6112517292189491
8,0.6147656691983142
9,0.6172664769561836
10,0.6127301796669383
11,0.6111580395377805
12,0.6286660235024354
13,0.6216915324664437
14,0.629949942565285
15,0.614804479840625
16,0.6255659586645562
17,0.624181700661578
18,0.635122511686231
19,0.6183300429930066
