epoch,train_acc
0,0.22979325777746637
1,0.23349806439181614
2,0.23590115260650224
3,0.2360872687780269
4,0.23746233884529147
5,0.2387870480661435
6,0.2389118553811659
7,0.23983477263172645
8,0.24042815477858745
9,0.24224771405549328
10,0.24094818525784753
11,0.24228384248878923
12,0.24255535313901344
13,0.2433589370795964
14,0.24283562219730942
15,0.24365781775504483
16,0.24399173206278027
17,0.24349250280269058
18,0.2448456768497758
19,0.24455664938340807
