epoch,train_loss
0,3.9018339875567656
1,3.8433366687843082
2,3.8150471197650035
3,3.7997036407881253
4,3.7790718581109837
5,3.768230039442601
6,3.759540338687298
7,3.7502482707190405
8,3.7430866876525193
9,3.7259356825875596
10,3.722288112469318
11,3.7121740959150373
12,3.708925731513532
13,3.6966201842098494
14,3.694212180082039
15,3.6888553903776433
16,3.6815305985677402
17,3.679742425011947
18,3.6726647171738973
19,3.666896195689659
