epoch,train_reward
0,0.5386119839054586
1,0.5785457991698397
2,0.5833569467067719
3,0.5909897622238894
4,0.5917799677282171
5,0.5997391597037892
6,0.6083531034901538
7,0.6222250942692094
8,0.6083809917817736
9,0.59878600124821
10,0.6230474395067702
11,0.6144561342594335
12,0.623192310333252
13,0.6202877877539049
14,0.610811632043043
15,0.6020593218204686
16,0.6152071952819824
17,0.6003720113514784
18,0.62502623192398
19,0.6146450470381254
