epoch,train_loss
0,3.1980833975188934
1,3.0918527579628297
2,3.059493078779212
3,3.0347444273431203
4,3.009046534251739
5,2.997142555467751
6,2.9870787233515173
7,2.9825923090023845
8,2.966737658453629
9,2.955399723865526
10,2.943189340856578
11,2.9387204860892533
12,2.9250589924542894
13,2.9224569487464804
14,2.9160141036114884
15,2.911728242053045
16,2.9007605116463564
17,2.895048544545879
18,2.8915845717015287
19,2.887690316401255
