epoch,train_reward
0,0.4614187362750015
1,0.4708261210554918
2,0.47403076063891697
3,0.4889604461299999
4,0.48814343925014203
5,0.48592199351755494
6,0.4840768062480362
7,0.4926745192619717
8,0.48611956874885903
9,0.48613808507876544
10,0.49994924784775807
11,0.47672590733643605
12,0.4990131005043406
13,0.48304679722529353
14,0.4868797423326381
15,0.49478964099969563
16,0.4901367335041542
17,0.49410689879425973
18,0.4882787973891459
19,0.49216663356319135
