epoch,train_acc
0,0.22986482319078946
1,0.24073550575657895
2,0.24277857730263158
3,0.2431126644736842
4,0.24459035773026316
5,0.24464175575657895
6,0.24700606496710525
7,0.24803402549342105
8,0.25019274259868424
9,0.2508480674342105
10,0.25101511101973684
11,0.25176038240131576
12,0.2521844161184211
13,0.25346936677631576
14,0.254150390625
15,0.25190172697368424
16,0.24944747121710525
17,0.2525570518092105
18,0.24627364309210525
19,0.25226151315789475
