epoch,train_loss
0,3.7557444195998344
1,3.5795693523005436
2,3.5441095076109232
3,3.5342205198187577
4,3.5183437999926115
5,3.524386581621672
6,3.50360275569715
7,3.4895934682143364
8,3.4779260409505746
9,3.4741828441619873
10,3.498380522978933
11,3.486763025584974
12,3.4858860467609607
13,3.4840588193190727
14,3.463380060697857
15,3.460539930745175
16,3.4804115169926693
17,3.455097901193719
18,3.4840438616903207
19,3.4653968309101306
