epoch,train_reward
0,0.011702668215883406
1,0.013266198190027162
2,0.015735618819139506
3,0.016252978165682993
4,0.012897871630756478
5,0.010242638668339504
6,0.008917676628028092
7,0.007937112945671143
8,0.012214421539714462
9,0.01656109202457102
10,0.01744349045973075
11,0.012388976241805051
12,0.011120760568270558
13,0.017531532009965496
14,0.011054094145564656
15,0.011991465170132486
16,0.0166649501280565
17,0.011185870309801478
18,0.010534200327176797
19,0.010812581271717423
