epoch,train_acc
0,0.5523895126821748
1,0.5813732745936099
2,0.582032344801009
3,0.5804131341087444
4,0.5783483394058296
5,0.5781184311939462
6,0.5780363211182735
7,0.5768966332679372
8,0.5747902361266816
9,0.5732881691423767
10,0.5728436799327354
11,0.5716328300168162
12,0.5701614174607623
13,0.5688542250560538
14,0.5689002066984304
15,0.5675021458099776
16,0.5689888855801569
17,0.56825317930213
18,0.5657252837724215
19,0.5649633022701793
