epoch,train_loss
0,2.144056168372321
1,2.2265001022227677
2,2.4348049730463415
3,2.637959081495824
4,2.801815623125153
5,2.9262645447735296
6,3.0108482356563275
7,3.129409689539751
8,3.1861412129594604
9,3.2555575317331495
10,3.320023629697449
11,3.3551290794338344
12,3.344481008469791
13,3.4230257310140293
14,3.4344883820401177
15,3.481788627769915
16,3.5278336221327162
17,3.550207625590098
18,3.609507591735087
19,3.639684185318883
