epoch,train_acc
0,0.2806040674047085
1,0.2873031547785874
2,0.2908689216647982
3,0.2940624562079596
4,0.297327152816704
5,0.2967523822869955
6,0.2986365348234305
7,0.29828291409753366
8,0.3008929197029148
9,0.301654901205157
10,0.3005535313901345
11,0.30101444261491034
12,0.30278802024943946
13,0.3032817755044843
14,0.3046250963424888
15,0.30402624019058294
16,0.304546270669843
17,0.3058096710341928
18,0.3053673714265695
19,0.30512432560257846
