epoch,train_loss
0,3.21170354317122
1,3.113116021648116
2,3.07031342266921
3,3.0420856422373
4,3.0191847925228923
5,3.0085228441007468
6,2.9869850922058516
7,2.9879314610776344
8,2.971526828047406
9,2.9532456911198226
10,2.951729116953007
11,2.945034979704784
12,2.9305062411611926
13,2.924300314599623
14,2.9153533644740355
15,2.909496521201369
16,2.9004398921145453
17,2.8961066333702328
18,2.8938481882548652
19,2.8881028147556322
