epoch,train_loss
0,4.5095717596900835
1,4.606595738586289
2,4.6957087602316
3,4.7116502261482545
4,4.7853708652102895
5,4.81619810095817
6,4.833438387900724
7,4.875541524502194
8,4.893429916535792
9,4.9114239376222075
10,4.918459218713735
11,4.936888267106539
12,4.951087389291669
13,4.957202370391299
14,5.001531160465805
15,4.9908796212063775
16,5.016385642936946
17,5.020937252472335
18,5.018314459933293
19,5.028535019656468
