epoch,train_reward
0,0.6952347704647902
1,0.7204710197021074
2,0.730245557066571
3,0.722610749471348
4,0.7359385701572948
5,0.7671723619704823
6,0.7533792043480638
7,0.7527558357191727
8,0.7759211948099692
9,0.7765443979891961
10,0.7758636164558308
11,0.7809396610666284
12,0.7670783210762948
13,0.7491477190646355
14,0.7757616882366984
15,0.7784248047879994
16,0.7921054071909643
17,0.7809498620140178
18,0.7769999498743647
19,0.7820910284872012
