epoch,train_loss
0,3.427359030164521
1,3.3314866567480155
2,3.3017264673079567
3,3.2903168681024133
4,3.2666843800709167
5,3.2506795025419915
6,3.240511178970337
7,3.227205216199502
8,3.2180511499273368
9,3.2104723576841683
10,3.1977959624652206
11,3.1979322652707154
12,3.190674300851493
13,3.1817225820716772
14,3.178386318272558
15,3.175329391983734
16,3.1750113703738685
17,3.169115685868537
18,3.166443347930908
19,3.164394248491046
