epoch,train_loss
0,2.4576178259913695
1,2.6240841561903334
2,2.9200188942554286
3,3.1538828734325186
4,3.350411712321465
5,3.4771343068691647
6,3.608163161128091
7,3.717234542017026
8,3.7911323966466792
9,3.823034715224809
10,3.847735129129726
11,3.9960281517473573
12,4.062388425450688
13,4.045194363914797
14,4.159569540365929
15,4.133712319515211
16,4.117684346143441
17,4.152861535281878
18,4.137778630705692
19,4.192887870720149
