epoch,train_acc
0,0.4849917763157895
1,0.5411184210526315
2,0.5592619243421053
3,0.5794356496710527
4,0.585217927631579
5,0.583997224506579
6,0.5896895559210527
7,0.5884174547697368
8,0.5906661184210527
9,0.5759919819078947
10,0.5802066200657895
11,0.578369140625
12,0.5829821134868421
13,0.586194490131579
14,0.5804122121710527
15,0.5787546258223685
16,0.5832005550986842
17,0.5706465871710527
18,0.5825966282894737
19,0.5760819284539473
