epoch,train_loss
0,2.36507322913722
1,2.147027693296734
2,2.165577712811922
3,2.09774080703133
4,2.141365697509364
5,2.2471894715961658
6,2.2152488482625863
7,2.3078246242121647
8,2.291581342094823
9,2.3187758169676127
10,2.4068446284846257
11,2.423233621998837
12,2.3760453901792826
13,2.449053086732563
14,2.5969629664170113
15,2.5686740122343363
16,2.5965163707733154
17,2.6190418067731356
18,2.603843149385954
19,2.6467117133893465
