epoch,train_loss
0,3.414221132155692
1,3.3345813255498906
2,3.311889876233469
3,3.2899344427750843
4,3.274694279869004
5,3.260173176774884
6,3.2522874126339905
7,3.2475286993649926
8,3.2398266556239363
9,3.2308565236554285
10,3.2265395528019063
11,3.2217066453234984
12,3.217774778309435
13,3.212541948450674
14,3.2135513643227003
15,3.206419020596117
16,3.2016903445272162
17,3.1977511514531503
18,3.1986098289489746
19,3.193040480708132
