epoch,train_acc
0,0.6197188527960527
1,0.7589175575657895
2,0.8065635279605263
3,0.838147615131579
4,0.8508943256578947
5,0.8691791735197368
6,0.8859220805921053
7,0.894775390625
8,0.8985017475328947
9,0.9063784950657895
10,0.9137541118421053
11,0.9210397820723685
12,0.9263851768092105
13,0.9247404399671053
14,0.9260896381578947
15,0.9301500822368421
16,0.9321546052631579
17,0.9313707853618421
18,0.9319361636513158
19,0.9292506167763158
