epoch,train_loss
0,1.5921140909194946
1,0.9774195677355716
2,0.7877537106212816
3,0.6579210664096632
4,0.6029538763196844
5,0.5334291975749167
6,0.46953762361877843
7,0.4400082528591156
8,0.42097974921527664
9,0.3884768705619009
10,0.3611948113692434
11,0.33050330532224553
12,0.3089959746912906
13,0.310573537098734
14,0.31056313765676397
15,0.29000206997520045
16,0.28075580142046275
17,0.28364466993432297
18,0.2813094383791873
19,0.2869515615074258
