epoch,train_reward
0,0.17400613819297991
1,0.13351984518138985
2,0.11915400741915953
3,0.11092891073540638
4,0.1113167048284882
5,0.10382064902468731
6,0.09826716349313133
7,0.09830168085662942
8,0.09678141459038384
9,0.09405840384332757
10,0.09288787959437621
11,0.09152507311419437
12,0.0894598756965838
13,0.08845850982164082
14,0.08914710071526076
15,0.08850792403283872
16,0.08881132696804248
17,0.08945376896544506
18,0.09134210606938914
19,0.09112379464663957
