epoch,train_loss
0,3.8357688660668856
1,3.8394222483776583
2,3.864623281035093
3,3.866162906778921
4,3.871759248251962
5,3.870483625053179
6,3.878294020596117
7,3.8760308641018253
8,3.8808887630405993
9,3.88359004200095
10,3.8832056357128786
11,3.882009378754266
12,3.880038764217112
13,3.8721600593906818
14,3.8775779823265455
15,3.8785173232012458
16,3.8754708991192355
17,3.8750779085820266
18,3.883170479595071
19,3.8755892326336094
