epoch,train_loss
0,1.390307080745697
1,0.8189752495288849
2,0.6721083283424377
3,0.589113587141037
4,0.5405728745460511
5,0.4946993440389633
6,0.46636302411556246
7,0.4437579894065857
8,0.4240426588058472
9,0.40278203785419464
10,0.3851416563987732
11,0.3751688665151596
12,0.3647795242071152
13,0.3559103542566299
14,0.3483189755678177
15,0.3462024110555649
16,0.33902166068553924
17,0.33379085779190065
18,0.330700603723526
19,0.3258123511075974
