epoch,train_reward
0,0.6118280517287774
1,0.6321144685296729
2,0.631376307789642
3,0.6322996811111374
4,0.6361665687348583
5,0.6427151631600786
6,0.6396911648830564
7,0.6375530261804562
8,0.6443985797981224
9,0.6381214367281093
10,0.6485160069890542
11,0.6469950590393331
12,0.6431273632120378
13,0.6455073843498041
14,0.6527526349124342
15,0.6512995436049924
16,0.6494430250460559
17,0.6484482471305545
18,0.6350527019193857
19,0.6503355048670627
