epoch,train_loss
0,3.6696467274113704
1,3.47381329536438
2,3.4369745003549674
3,3.4080624956833687
4,3.388833911795365
5,3.385436309011359
6,3.3914571812278345
7,3.379958290802805
8,3.3642869623083818
9,3.3500970413810327
10,3.362918452212685
11,3.3534425559796786
12,3.351924093146073
13,3.343619334070306
14,3.3408087052797018
15,3.3411385511097156
16,3.342847422549599
17,3.3257498364699516
18,3.331126702459235
19,3.3234791504709342
