epoch,train_acc
0,0.4090383429276316
1,0.4471499794407895
2,0.4755987870065789
3,0.4577893708881579
4,0.45781506990131576
5,0.4624151932565789
6,0.4704461348684211
7,0.475341796875
8,0.49349814967105265
9,0.4932411595394737
10,0.4764211554276316
11,0.4614386307565789
12,0.4639956825657895
13,0.4684287623355263
14,0.47256630345394735
15,0.47504625822368424
16,0.4755602384868421
17,0.4730674342105263
18,0.47802734375
19,0.4721551192434211
