epoch,train_reward
0,0.028945278376340866
1,0.026727941867552306
2,0.027420506959683018
3,0.03080833193502928
4,0.0292921466262717
5,0.03159723401461777
6,0.03336853132044014
7,0.033001838546050224
8,0.029576973597470083
9,0.032047152225124206
10,0.030738350298059613
11,0.032900714756626835
12,0.03029593580255383
13,0.029016981881700064
14,0.032391088573556194
15,0.029518000683502146
16,0.03088024905637691
17,0.028972899639292768
18,0.03135169483721256
19,0.03126441305013079
