epoch,train_loss
0,3.55066393846753
1,3.4801243899882524
2,3.458594766156427
3,3.4508154077091437
4,3.4353389822203537
5,3.4170979590251527
6,3.4075946341985945
7,3.397863193490039
8,3.3879028175069
9,3.378968919830761
10,3.3677100847507346
11,3.368205643248284
12,3.361302493632525
13,3.350271838834916
14,3.3468961359440597
15,3.341348223302556
16,3.339357317179099
17,3.334378893347992
18,3.330451143199
19,3.325823631779901
