epoch,train_reward
0,0.9760638331544811
1,0.9834854308216051
2,0.9815451424012239
3,0.9815883335025831
4,0.9824271921453804
5,0.9802224608673447
6,0.9769034563809976
7,0.9745495836625154
8,0.9789842939239809
9,0.9811929803470085
10,0.9815201817572802
11,0.9815077603548422
12,0.9782372716514544
13,0.9804523888675646
14,0.9783805122320679
15,0.9768534885055717
16,0.9838117669368612
17,0.9840581461615946
18,0.9765175293231833
19,0.981077673106358
