epoch,train_loss
0,3.4309758263072747
1,3.335514704386393
2,3.3482590434194983
3,3.3310201579126817
4,3.320528811421888
5,3.331005301968805
6,3.34669820467631
7,3.3261416465386575
8,3.290695052037294
9,3.3028822945452285
10,3.275720711412101
11,3.278130677924759
12,3.294333655258705
13,3.2760014602507668
14,3.280169171848516
15,3.2458394313680716
16,3.255117536961347
17,3.254121291226354
18,3.2502819683359956
19,3.2587524296223433
