epoch,train_reward
0,0.3250907952094386
1,0.33383839675921134
2,0.3355050365729579
3,0.3490785429703778
4,0.35090921725007307
5,0.3940409453607154
6,0.4271290824673642
7,0.4236153141092295
8,0.3825530781485568
9,0.4365197346470822
10,0.38656374015684786
11,0.36312286983961345
12,0.36915489697250825
13,0.4177530457576116
14,0.3897294219711731
15,0.4231983672442107
16,0.43044089406043634
17,0.4276035590761009
18,0.44158496236664124
19,0.4285967457911064
