epoch,train_loss
0,1.4107994845038967
1,0.7688421418792323
2,0.5698560178279877
3,0.46283833917818573
4,0.3954864034527226
5,0.350641678822668
6,0.3133821644281086
7,0.3010787085482949
8,0.28529675383316844
9,0.2675572225922032
10,0.24182381128009997
11,0.22453903053936206
12,0.21519001847819277
13,0.2031788794617904
14,0.20065833628177643
15,0.1966635122110969
16,0.1879988132338775
17,0.1865314260909432
18,0.18876822371231883
19,0.19660881318544088
