epoch,train_reward
0,0.008340119065618828
1,0.006172733700000926
2,0.005697696126605335
3,0.005484500973436393
4,0.005297707932952203
5,0.005012764227821639
6,0.0050162034550387605
7,0.004959335918293188
8,0.004786970878117963
9,0.004805795235657378
10,0.00472235287490644
11,0.00464586479785411
12,0.004569012965810926
13,0.004606286897078941
14,0.004665097564850983
15,0.004603425947655188
16,0.004620783496648073
17,0.004557255483967693
18,0.0045090487079792905
19,0.0046779574875376725
