epoch,train_acc
0,0.2087865369073276
1,0.20971399066091953
2,0.2082421313757184
3,0.20794467268318967
4,0.2062525255926724
5,0.20783803654813218
6,0.20747603493175287
7,0.2062328820941092
8,0.20688392376077586
9,0.20785206761853448
10,0.20871918776939655
11,0.20642931707974138
12,0.20789696704382185
13,0.20727679373204022
14,0.20674641927083334
15,0.20725294091235633
16,0.20735396461925287
17,0.20850451239224138
18,0.20811164242097702
19,0.20926780262212644
