epoch,train_loss
0,4.126813965282221
1,4.078526851774632
2,4.083297526699373
3,4.101142058427307
4,4.1166520735313155
5,4.1009086603405835
6,4.104524576800993
7,4.096061363987539
8,4.108377294978876
9,4.105917768916864
10,4.080955395753357
11,4.114008358155174
12,4.091428215476288
13,4.10165455834619
14,4.108021023629726
15,4.103919923990622
16,4.1020950092666455
17,4.1016872326533
18,4.101008145288489
19,4.08402711632608
