epoch,train_acc
0,0.653310546875
1,0.7627734375
2,0.8028466796875
3,0.8231494140625
4,0.8404443359375
5,0.854072265625
6,0.8672412109375
7,0.8765087890625
8,0.8833447265625
9,0.8892138671875
10,0.8937158203125
11,0.897939453125
12,0.9027587890625
13,0.9046875
14,0.9065625
15,0.9103173828125
16,0.913056640625
17,0.9137060546875
18,0.9149462890625
19,0.9172119140625
