epoch,train_loss
0,1.5204784655570984
1,1.020814334154129
2,0.8643678331375122
3,0.7918890404701233
4,0.7173516571521759
5,0.6664803659915924
6,0.6159344720840454
7,0.5724266862869263
8,0.5487419021129608
9,0.5236026108264923
10,0.5038428324460983
11,0.4828671133518219
12,0.4647193229198456
13,0.45823596715927123
14,0.44495914697647093
15,0.4330331528186798
16,0.4240454125404358
17,0.42158826887607576
18,0.4130889308452606
19,0.40479291141033175
