epoch,train_loss
0,3.853695091448332
1,3.703352777581466
2,3.662293973721956
3,3.6345166407133402
4,3.6182885922883687
5,3.616114327782079
6,3.627431693829988
7,3.60491290845369
8,3.592564193825973
9,3.6096312623274955
10,3.6192977804886666
11,3.610694684480366
12,3.6203862616890357
13,3.5987113525992944
14,3.5996985059035453
15,3.5861968241239848
16,3.588193002500032
17,3.579598401722155
18,3.589347764065391
19,3.6005251533106755
