epoch,train_acc
0,0.24185546875
1,0.2429296875
2,0.24298828125
3,0.241923828125
4,0.2425634765625
5,0.2394677734375
6,0.2385693359375
7,0.2375341796875
8,0.239345703125
9,0.2377685546875
10,0.23560546875
11,0.2348974609375
12,0.2365478515625
13,0.2364404296875
14,0.234912109375
15,0.2358203125
16,0.234931640625
17,0.23671875
18,0.2316943359375
19,0.2359326171875
