epoch,train_loss
0,3.6712428283691407
1,3.5725683784484863
2,3.588355207443237
3,3.630128402709961
4,3.597411675453186
5,3.628091974258423
6,3.649130687713623
7,3.6962616443634033
8,3.6961396741867065
9,3.69249219417572
10,3.7288643884658814
11,3.7391225624084474
12,3.701686577796936
13,3.7494660234451294
14,3.7582684469223024
15,3.7467932081222535
16,3.755596985816956
17,3.7576910781860353
18,3.809181070327759
19,3.784486837387085
