epoch,train_acc
0,0.2190039623742816
1,0.21718974497126436
2,0.21709994612068967
3,0.21465853987068967
4,0.21517348015445403
5,0.2145434850933908
6,0.21542744252873564
7,0.21480305989583334
8,0.21438353089080459
9,0.21510472790948276
10,0.2155158382722701
11,0.21524363550646552
12,0.21602516612787356
13,0.21790392645474138
14,0.21682914646192528
15,0.21665656429597702
16,0.2169133328843391
17,0.21664253322557472
18,0.21580908764367815
19,0.21689228627873564
