epoch,train_loss
0,4.024900041777512
1,4.054936937902165
2,4.083662553765308
3,4.117624666498996
4,4.12238744483597
5,4.137486948364082
6,4.147442647780495
7,4.162257265770572
8,4.168404165355638
9,4.171333003318173
10,4.171151484566173
11,4.181774498402388
12,4.184553420406648
13,4.169153070997917
14,4.173514837506174
15,4.185758809933717
16,4.192852582054576
17,4.193531770815794
18,4.191175348457249
19,4.186567470945161
