epoch,train_reward
0,0.9907289082291483
1,0.9931564430395762
2,0.993392844309752
3,0.9935622451634243
4,0.9933286096857882
5,0.9931281469334131
6,0.9938003986046232
7,0.9937831362088522
8,0.9939188765383314
9,0.9937255838136564
10,0.9937154866498092
11,0.9939177471330796
12,0.9939428773419611
13,0.9939325307977611
14,0.9939413601639627
15,0.9941984089626663
16,0.9942757946321334
17,0.9939393575849205
18,0.9939964495856186
19,0.9939371532407301
