epoch,train_loss
0,2.8378945777290747
1,2.6336357468052913
2,2.563764107854743
3,2.555748563063772
4,2.520904829627589
5,2.509453610370034
6,2.502142542286923
7,2.4807106821160567
8,2.4716853844492057
9,2.462385152515612
10,2.4539721388565865
11,2.4437225617860494
12,2.434660422174554
13,2.445851213053653
14,2.4295149727871546
15,2.423851251602173
16,2.4203098949633146
17,2.414465916784186
18,2.4131633607964766
19,2.4119809175792493
