epoch,train_acc
0,0.23136821546052633
1,0.23830694901315788
2,0.24118523848684212
3,0.24187911184210525
4,0.24564401726973684
5,0.24302271792763158
6,0.24537417763157895
7,0.24326685855263158
8,0.24563116776315788
9,0.24632504111842105
10,0.2455540707236842
11,0.24521998355263158
12,0.24426912006578946
13,0.24595240542763158
14,0.24601665296052633
15,0.24515573601973684
16,0.24396073190789475
17,0.24718595805921054
18,0.24691611842105263
19,0.24947317023026316
