epoch,train_loss
0,3.7725983167949475
1,3.613140846553602
2,3.597835954866911
3,3.5555662857858756
4,3.543457683764006
5,3.54272020490546
6,3.544494766938059
7,3.551691619973434
8,3.5278635526958264
9,3.5357565126921
10,3.5468296377282393
11,3.5416681641026546
12,3.5406738958860697
13,3.5334959281118294
14,3.5367120316154077
15,3.5297493432697498
16,3.525837735125893
17,3.504588252619693
18,3.516649183474089
19,3.4953365074960807
