epoch,train_reward
0,0.01714415568858385
1,0.02110096831855021
2,0.027719513366096897
3,0.0314272349014094
4,0.02710997950481741
5,0.02923607561541231
6,0.030609519171871637
7,0.048798394242399616
8,0.03958327764351117
9,0.034935102945095615
10,0.033644437495815124
11,0.03367416560649872
12,0.036224485129902236
13,0.0315932260924264
14,0.045600831508636475
15,0.03843957842572739
16,0.0331122949719429
17,0.037241786032130846
18,0.03298429605600081
19,0.030215978230300703
