epoch,train_acc
0,0.6428938240840517
1,0.6961599766522989
2,0.7110455392420977
3,0.7224022876257183
4,0.749823208512931
5,0.7531766343390804
6,0.7685083849676724
7,0.771380545079023
8,0.7868119163074713
9,0.7934907058189655
10,0.8035243242636494
11,0.8025253120510057
12,0.8082584074173851
13,0.8181432965158046
14,0.8206071524784483
15,0.8243239830280172
16,0.820764300466954
17,0.8249118848778736
18,0.8153398886494253
19,0.8193134877873564
