epoch,train_loss
0,1.6418119374362903
1,1.346413205409872
2,1.2832023193096291
3,1.233142765774124
4,1.0961605176843445
5,1.0893567153092087
6,1.0089208569334842
7,1.0009701789795666
8,0.9245558816126023
9,0.8905991963271437
10,0.850931409104117
11,0.8466667769284084
12,0.8273029673373562
13,0.7780847539161814
14,0.7723528218680414
15,0.754314205084724
16,0.7661000808765148
17,0.7501354669702465
18,0.7861710502498451
19,0.7732319002864004
