epoch,train_loss
0,4.146181802749634
1,4.049627776145935
2,4.087610139846801
3,4.085797643661499
4,4.08352915763855
5,4.104572048187256
6,4.096418871879577
7,4.108929662704468
8,4.1251814079284665
9,4.129869985580444
10,4.109037408828735
11,4.098539767265319
12,4.120630187988281
13,4.117249226570129
14,4.1186803388595585
15,4.12288987159729
16,4.1349511814117434
17,4.116427092552185
18,4.136892938613892
19,4.12987642288208
