epoch,train_loss
0,3.4467285306830155
1,3.1931283473968506
2,3.0732676857396175
3,3.071573445671483
4,3.0330180870859245
5,2.9803246573397986
6,3.015061529059159
7,3.042063273881611
8,3.0354298917870772
9,3.082114909824572
10,3.0573904012378894
11,3.0333117183886076
12,2.9951558991482385
13,3.0090149578295255
14,3.02610256797389
15,3.0299825793818425
16,2.9730750259600187
17,2.947787774236579
18,3.00716589626513
19,2.998747750332481
