epoch,train_reward
0,0.04553650417610219
1,0.10301655766211058
2,0.08313963248541481
3,0.05924753511422559
4,0.056972648164159374
5,0.06548018126111281
6,0.060525495362909215
7,0.047214460902308165
8,0.06739625158278566
9,0.040631152003219255
10,0.06954069827732287
11,0.05633118591810528
12,0.06267101729386731
13,0.06441989050883996
14,0.05836781153553411
15,0.04702434424114855
16,0.07963498642570094
17,0.05067411712125728
18,0.06034596950600022
19,0.08946815093881205
