epoch,train_loss
0,4.056495251676961
1,4.019314279470743
2,4.008481253422964
3,3.997771780587098
4,3.989028474140595
5,3.9855154811534113
6,3.981545960422054
7,3.970445406276549
8,3.9613283279230775
9,3.954291164073174
10,3.951524644689175
11,3.950634520150086
12,3.9514981395995137
13,3.9425325917556147
14,3.9329290069272167
15,3.9267158390695203
16,3.9250352446808408
17,3.9221695271308112
18,3.919215750801189
19,3.914171479742623
