epoch,train_reward
0,0.3996711210285067
1,0.42515734319195086
2,0.44517711326145804
3,0.43973196608603266
4,0.4433397160249975
5,0.4363512404831001
6,0.45574054603084857
7,0.46233758530809205
8,0.4485177779946092
9,0.45915562475743316
10,0.4606203150856121
11,0.46825366624267645
12,0.46395937530449155
13,0.4483768792964952
14,0.4311249205349807
15,0.43012681924174184
16,0.44020216561219083
17,0.4414113443261305
18,0.45864198413664986
19,0.45923375187967924
