epoch,train_loss
0,1.4632330769380646
1,1.0510673063218325
2,0.9085923647132155
3,0.8242265341527794
4,0.7628020176438473
5,0.7082604562755123
6,0.6663163539540072
7,0.6353388089235588
8,0.6095735131357818
9,0.5936091506160428
10,0.5711708312077373
11,0.552433506790298
12,0.5423828701534613
13,0.5338064998789218
14,0.5283643976188027
15,0.5147303925501392
16,0.5052507880557279
17,0.49247240405446213
18,0.4877244284869309
19,0.48285825490416967
