epoch,train_acc
0,0.20375462582236842
1,0.20735248766447367
2,0.21014083059210525
3,0.21251798930921054
4,0.21560187088815788
5,0.2138157894736842
6,0.21133583470394737
7,0.21041067023026316
8,0.21268503289473684
9,0.21131013569078946
10,0.21142578125
11,0.20904862253289475
12,0.21447111430921054
13,0.21277497944078946
14,0.21657843338815788
15,0.21490799753289475
16,0.21163137335526316
17,0.21394428453947367
18,0.20807206003289475
19,0.212158203125
