epoch,train_loss
0,4.139427436025519
1,4.044435977935791
2,4.016027952495374
3,3.962615025670905
4,3.931089953372353
5,3.941087057715968
6,3.9796777398962724
7,3.964771634653995
8,3.934125072077701
9,3.927478602058009
10,3.9547765254974365
11,3.9710345017282584
12,3.953964722783942
13,3.9733385035866187
14,3.9503139069205835
15,3.970685833378842
16,3.9981560958059212
17,3.993295669555664
18,4.005192217073943
19,3.9918493848097953
