epoch,train_reward
0,0.01780675890806474
1,0.022121430423698928
2,0.017457209919628344
3,0.026462517188567864
4,0.022038931125088743
5,0.019602161440017977
6,0.016318810025328083
7,0.018179444351086493
8,0.02541902200563958
9,0.02555731968267968
10,0.023418302892854338
11,0.02391862839852509
12,0.027409548724168224
13,0.024929250247384373
14,0.02605285564143407
15,0.021539430183015372
16,0.024396911508550768
17,0.022031758470754875
18,0.026142576023152
19,0.016067089659995155
