epoch,train_loss
0,1.8946428453975728
1,1.576975302845908
2,1.4375196379930983
3,1.3577412313409984
4,1.2917941899577599
5,1.2373735819162275
6,1.1984931257273583
7,1.1522640134187023
8,1.114865854983907
9,1.0974186281986835
10,1.0882295485034652
11,1.0555761290772614
12,1.0307989524084356
13,1.0169877519522013
14,0.998702778142664
15,0.988565108968538
16,0.979905969091595
17,0.9731610732762803
18,0.9551100629327544
19,0.9393331130523853
