epoch,train_loss
0,3.546502122784605
1,3.4784638055480355
2,3.4673957033912735
3,3.4477708021012865
4,3.4354261761844747
5,3.422500676447802
6,3.4154252675500247
7,3.4096622821128015
8,3.4019314322141136
9,3.3942843958883
10,3.388333849387594
11,3.3828050606321582
12,3.3778932070968173
13,3.37163777044504
14,3.374266747200843
15,3.3658416035151717
16,3.361529589879631
17,3.3578078982853654
18,3.356114670781806
19,3.3500299076042555
