epoch,train_reward
0,0.5905853976117502
1,0.6080704195664661
2,0.6150527997772293
3,0.6208995613131193
4,0.623786848075319
5,0.632810259514516
6,0.6284580820857888
7,0.634928032313243
8,0.6408166513584628
9,0.6303064386443337
10,0.6365758720600959
11,0.6411031664598106
12,0.6433580302365935
13,0.6432371856552539
14,0.6362097378414456
15,0.6288226447483101
16,0.6440276479957128
17,0.6414075511516911
18,0.6389770678954549
19,0.6401532088766003
