epoch,train_loss
0,2.8953701411143387
1,2.842783181974203
2,2.82638690259197
3,2.813687252526236
4,2.8048088881048825
5,2.7908225744077475
6,2.780219041474975
7,2.772338640571821
8,2.7618431301400213
9,2.7627406368161194
10,2.7574007463927317
11,2.7515310698216506
12,2.746261553008958
13,2.7425086757924295
14,2.7378434887026795
15,2.731684858256047
16,2.724897054162356
17,2.7299384740319583
18,2.7190406700172045
19,2.721474039672625
