epoch,train_reward
0,0.7725435108831613
1,0.7938511947003921
2,0.8017858942546466
3,0.8071095840175553
4,0.8155067247329372
5,0.8197666279750295
6,0.8221237910265969
7,0.8212932153503494
8,0.8216162574763345
9,0.8233572690203639
10,0.8290935554126702
11,0.8296170715648349
12,0.8295124571512241
13,0.8304850931214814
14,0.8323679415896388
15,0.8307179841074613
16,0.8308879609155183
17,0.8359546504988529
18,0.8353070200669883
19,0.8425780481631213
