epoch,train_loss
0,2.9564942073822023
1,2.976281261444092
2,3.239272141456604
3,3.4262982559204103
4,3.6058018970489503
5,3.8759192657470702
6,4.023525924682617
7,4.122512850761414
8,4.221744155883789
9,4.222816829681396
10,4.316121635437011
11,4.3841301488876345
12,4.399362564086914
13,4.353348970413208
14,4.620073814392089
15,4.582077350616455
16,4.575642614364624
17,4.725753612518311
18,4.7582138156890865
19,4.508832883834839
