epoch,train_acc
0,0.4587659333881579
1,0.541028474506579
2,0.5758377878289473
3,0.5896253083881579
4,0.6007144325657895
5,0.6054173519736842
6,0.6199886924342105
7,0.6221474095394737
8,0.6329795435855263
9,0.6261693050986842
10,0.627197265625
11,0.6409205386513158
12,0.6368729440789473
13,0.633532072368421
14,0.6398026315789473
15,0.614489103618421
16,0.59228515625
17,0.6065481085526315
18,0.6040810032894737
19,0.604016755756579
