epoch,train_loss
0,2.4781276552300704
1,2.1225010846790515
2,2.033166916746842
3,2.033196123022782
4,2.079003459528873
5,2.0524453426662244
6,2.0570306589728906
7,2.101951141106455
8,2.0892096004988017
9,2.111705096144425
10,2.1292399983657035
11,2.0825733887521842
12,2.1802015994724475
13,2.1520867786909403
14,2.077207822548716
15,2.197014425930224
16,2.2409336692408512
17,2.2954965390657125
18,2.3750852534645484
19,2.5131255074551233
