epoch,train_reward
0,0.07771111005230953
1,0.05502799231755106
2,0.04948471643422779
3,0.0506663106774029
4,0.05822928073374849
5,0.057548410406238155
6,0.05478115379810333
7,0.05135367810726166
8,0.04542315888561701
9,0.044238546176960596
10,0.04199112598833285
11,0.04334200232436782
12,0.043641407827013416
13,0.045002889280256475
14,0.04015971543757539
15,0.044040645423688386
16,0.04081181279922787
17,0.042428194104056606
18,0.042643007871351744
19,0.0463875953696276
