epoch,train_acc,test_acc
0,0.8871387629262376,0.9994711803835492
1,0.9978209278342796,0.9998611535027969
