epoch,train_loss,test_loss
0,0.10717075367151885,0.0007471240749264537
1,0.0018591084095408489,0.0002473255394215812
