epoch,train_loss
0,3.6281426615779173
1,3.6907673363193805
2,3.7436076728752377
3,3.768687338037876
4,3.7806500586693597
5,3.8060456797681046
6,3.832500412859724
7,3.8576338750899106
8,3.8559650519503608
9,3.8659942812983763
10,3.8653760629919076
11,3.8842449647963315
12,3.897106622901198
13,3.905928010897786
14,3.9216110866700586
15,3.919603727323592
16,3.932310839939545
17,3.917185364282719
18,3.95302256874974
19,3.9521801118893474
