epoch,train_loss
0,3.8824392494402433
1,3.705000249963058
2,3.6666832848599085
3,3.6298418797944723
4,3.6216006906409013
5,3.6239193991610876
6,3.6329105653260885
7,3.6304331704189905
8,3.6122572672994515
9,3.609713679865787
10,3.6203732114089164
11,3.6210426029406095
12,3.628476908332423
13,3.6250305552231636
14,3.6134284044566907
15,3.626290848380641
16,3.609243104332372
17,3.6021722868869177
18,3.6191389309732536
19,3.6036197386289897
