epoch,train_reward
0,0.41647450233760636
1,0.35914994070404455
2,0.49918323441555623
3,0.46249598264694214
4,0.2715953172821748
5,0.35212433808728266
6,0.4355599268486625
7,0.46987726813868474
8,0.5006309418301833
9,0.4439823031425476
10,0.4449186215275212
11,0.5549852612771486
12,0.5309862023905704
13,0.4568432867527008
14,0.5145071305726704
15,0.4887891411781311
16,0.46875733293985067
17,0.42936283663699504
18,0.48554844134732295
19,0.4789531685804066
