epoch,train_acc
0,0.6440815172697368
1,0.7794382195723685
2,0.822278474506579
3,0.8500591077302632
4,0.8716848273026315
5,0.8880679481907895
6,0.8927708675986842
7,0.8945055509868421
8,0.9046952097039473
9,0.9134842722039473
10,0.9207699424342105
11,0.9242393092105263
12,0.927014802631579
13,0.9330540707236842
14,0.9348915501644737
15,0.9368061266447368
16,0.9383223684210527
17,0.9398257606907895
18,0.942138671875
19,0.9451069078947368
