epoch,train_loss
0,1.5011306750146967
1,0.9010120787118611
2,0.7201699457670513
3,0.6123609072283694
4,0.5246070215576574
5,0.46845285359181854
6,0.4531234941984478
7,0.4358505873303664
8,0.4011583845866354
9,0.36453691438624736
10,0.33571480606731613
11,0.3202373401114815
12,0.30110366564047963
13,0.2818349866490615
14,0.2704358547925949
15,0.2635293838224913
16,0.25960557554897506
17,0.25224030958978755
18,0.24460495459405998
19,0.2303537977369208
