epoch,train_loss
0,2.7209291732174226
1,2.6130972100400376
2,2.5765483050510802
3,2.5538850597951606
4,2.5285835540157624
5,2.516126017460878
6,2.5018316699170517
7,2.4913152004110404
8,2.4800765966546945
9,2.4641666261629127
10,2.456939985012186
11,2.451312883146878
12,2.435929350469304
13,2.431245966889392
14,2.428603738203816
15,2.4198864122916914
16,2.4161140946136124
17,2.4095573000524237
18,2.4049957538473197
19,2.4040967212326225
