epoch,train_reward
0,0.9833367470352129
1,0.9811005246365208
2,0.976696864969429
3,0.981858257589669
4,0.9797415438739733
5,0.9809389693298559
6,0.9837168598997181
7,0.9819126273023671
8,0.9823896521809458
9,0.9825269415460783
10,0.9837172600044601
11,0.9824032108674104
12,0.9804310175194137
13,0.9835757510415439
14,0.9828452680302763
15,0.9797136872664265
16,0.9837356774971403
17,0.9819380904751263
18,0.9832975395109461
19,0.9820726911226908
