epoch,train_acc
0,0.6156455592105263
1,0.7525313527960527
2,0.8047645970394737
3,0.8308876439144737
4,0.8500462582236842
5,0.8673031455592105
6,0.8780067845394737
7,0.8862690172697368
8,0.8970112047697368
9,0.9015342310855263
10,0.906018708881579
11,0.9127518503289473
12,0.912584806743421
13,0.9068025287828947
14,0.9163882606907895
15,0.9211682771381579
16,0.926012541118421
17,0.9295590049342105
18,0.9311009457236842
19,0.932604337993421
