epoch,train_loss
0,1.6290044659062435
1,1.0078902652389126
2,0.793675074451848
3,0.6827338212414792
4,0.6038391496005812
5,0.5463930368423462
6,0.495915097625632
7,0.4632683600250043
8,0.4276376303873564
9,0.4044531003424996
10,0.3900151895849328
11,0.36484704833281667
12,0.36472517408822713
13,0.3815029310552697
14,0.34373723676330165
15,0.3224185548330608
16,0.3060975639443648
17,0.2932718388344112
18,0.2886600314002288
19,0.28346786138258484
