epoch,train_reward
0,0.16902158879920057
1,0.12692969017907194
2,0.1176557509522689
3,0.11810041022928137
4,0.10891250717012506
5,0.10503937186379182
6,0.10338099967492254
7,0.09923725026218515
8,0.09912259876728058
9,0.0961157507018039
10,0.09680712223052979
11,0.09424595142665662
12,0.09233971371462471
13,0.09841694878904443
14,0.09517761986506612
15,0.09160844589534559
16,0.09141366575893603
17,0.08842880239612178
18,0.08888886868953705
19,0.09165999685463153
