epoch,train_loss
0,3.120204624039175
1,3.016368984641516
2,2.9807504271177967
3,2.9635582205425997
4,2.940644365789644
5,2.9246835783458076
6,2.915201378510137
7,2.9077740057701487
8,2.897923494133714
9,2.883040867578823
10,2.877134247211063
11,2.8702001315061287
12,2.8610158693630066
13,2.8574401359387043
14,2.8547038743314186
15,2.8492609417491965
16,2.8407261115018563
17,2.8376204240482483
18,2.8346049496945778
19,2.8350082117345834
