epoch,train_loss
0,4.029608087539673
1,3.9381386613845826
2,3.938101921081543
3,3.946841950416565
4,3.946208953857422
5,3.960793480873108
6,3.9557979488372803
7,3.967524318695068
8,3.972881803512573
9,3.9701940631866455
10,3.976897439956665
11,3.956486077308655
12,3.9721159648895266
13,3.9663006544113157
14,3.992643465995789
15,3.962240686416626
16,3.9902265167236326
17,3.9680742692947386
18,3.983503260612488
19,3.9731810808181764
