epoch,train_acc
0,0.29254471628289475
1,0.30694901315789475
2,0.31075246710526316
3,0.30838815789473684
4,0.3138363486842105
5,0.3142218338815789
6,0.3134894120065789
7,0.3173057154605263
8,0.32195723684210525
9,0.32059518914473684
10,0.32171309621710525
11,0.32235557154605265
12,0.322021484375
13,0.31900185032894735
14,0.3219058388157895
15,0.3206594366776316
16,0.3253238075657895
17,0.32329358552631576
18,0.32232987253289475
19,0.325439453125
