epoch,train_loss
0,2.9632590068014046
1,2.77289649059898
2,2.7169847613886784
3,2.7218034267425537
4,2.6695265142541182
5,2.6595713715804252
6,2.6713091072283293
7,2.6488972965039705
8,2.6102730349490515
9,2.632341372339349
10,2.611440056248715
11,2.6006751185969303
12,2.6004600148451957
13,2.6036974128923918
14,2.588916201340525
15,2.5783400786550423
16,2.5800452106877376
17,2.570561697608546
18,2.56472026674371
19,2.567729297437166
