epoch,train_reward
0,0.003823755186443266
1,0.003293973160907626
2,0.003446916449128797
3,0.004334198813395281
4,0.004225690959413585
5,0.003930362358101104
6,0.004682313540558282
7,0.003913127890739001
8,0.004193025861719721
9,0.0033080213654198146
10,0.0030082534925129855
11,0.004018234101271159
12,0.0033367706560774855
13,0.003620370291173458
14,0.004090781850544245
15,0.004285293643509871
16,0.0034889013408438154
17,0.0034137002658098936
18,0.004609829145728757
19,0.0044592494561680055
