epoch,train_loss
0,3.66677188873291
1,3.519595033244083
2,3.5012791533219185
3,3.492892302964863
4,3.465002499128643
5,3.45090473325629
6,3.468923480887162
7,3.4465604581330953
8,3.4217549625195955
9,3.429180772680985
10,3.443295202757183
11,3.4133214574111137
12,3.421239501551578
13,3.419032573699951
14,3.40289989270662
15,3.392518269388299
16,3.4024171452773246
17,3.3836355083867122
18,3.387579365780479
19,3.378798095803512
