epoch,train_loss
0,1.6131208695863422
1,0.9393309354782104
2,0.710023820400238
3,0.574248172734913
4,0.5009837417226088
5,0.4493950605392456
6,0.4042437986323708
7,0.3795671290472934
8,0.3699528904337632
9,0.34258100704142924
10,0.3382517789539538
11,0.31225284777189555
12,0.2957934015675595
13,0.2754807354588258
14,0.26135376017344625
15,0.24776016097319753
16,0.24142530325211978
17,0.24959689378738403
18,0.24881506515176674
19,0.23374498517889725
