epoch,train_loss
0,3.671533937411458
1,3.7328508317203264
2,3.7831740710767394
3,3.804869618651044
4,3.831532781968737
5,3.846654308216454
6,3.8659748453730427
7,3.886652158514801
8,3.897796721736412
9,3.9024608445274453
10,3.9205164620694557
11,3.9187123615110937
12,3.928427109269283
13,3.944546854549459
14,3.9423106721698438
15,3.9585401937031426
16,3.9649826560854375
17,3.9634680437934775
18,3.973231638493559
19,3.976807989881712
