epoch,train_reward
0,0.5868254360062124
1,0.6281575295957215
2,0.6559083854671016
3,0.6518861889304601
4,0.6842856631685266
5,0.6884040150941755
6,0.6938571093328331
7,0.6772824378826159
8,0.6886685145810046
9,0.6823244926106234
10,0.6914567236408524
11,0.6848328591996778
12,0.7022045166503154
13,0.7040172363610545
14,0.705878424537556
15,0.7068281716295421
16,0.7296280692511076
17,0.7144455981896063
18,0.7079723872945982
19,0.7092219959994602
