epoch,train_acc
0,0.6341103001644737
1,0.7654322574013158
2,0.8092619243421053
3,0.8368626644736842
4,0.8568050986842105
5,0.8716976768092105
6,0.8805895353618421
7,0.8835063733552632
8,0.8926423725328947
9,0.9038728412828947
10,0.9049265008223685
11,0.908704255756579
12,0.9163882606907895
13,0.9218493009868421
14,0.9236096833881579
15,0.9261667351973685
16,0.9315763774671053
17,0.9310623972039473
18,0.9363435444078947
19,0.9366005345394737
