epoch,train_loss
0,1.5442435051265515
1,0.9509517550468445
2,0.7768695950508118
3,0.6692179221855966
4,0.5818174418650175
5,0.5225571895900526
6,0.4925384490113509
7,0.47915069523610565
8,0.4438325982344778
9,0.4024719454740223
10,0.39644143612761246
11,0.3798132836818695
12,0.3410411869224749
13,0.3234176494573292
14,0.3130653657411274
15,0.3059969387556377
16,0.2804782610190542
17,0.2810976536650407
18,0.2624321140741047
19,0.2611794973674573
