epoch,train_reward
0,0.008246779466341985
1,0.006693326475981034
2,0.006056646179211767
3,0.006069673739961888
4,0.005607496432371829
5,0.00570532213896513
6,0.005712780513261494
7,0.005590859163356454
8,0.0054505010821709506
9,0.005205332154506131
10,0.0055878590057162865
11,0.005339592891304116
12,0.005105206546814818
13,0.005140718734382014
14,0.00525629187100812
15,0.005084527092740724
16,0.005119852501114732
17,0.0048453836015572675
18,0.004765633273085481
19,0.004867182848484893
