epoch,train_loss
0,3.311049904823303
1,3.124316062927246
2,3.1103312253952025
3,3.1017046689987184
4,3.096405653953552
5,3.123061990737915
6,3.091045479774475
7,3.091745276451111
8,3.0707715129852295
9,3.064284949302673
10,3.059441776275635
11,3.0578605222702024
12,3.054673891067505
13,3.0498264408111573
14,3.062881603240967
15,3.0493887138366698
16,3.0457737922668455
17,3.028232660293579
18,3.040994448661804
19,3.028150825500488
