epoch,train_acc
0,0.2232036505044843
1,0.22644864069506726
2,0.22808208380044842
3,0.2282681999719731
4,0.2303888295263453
5,0.2313161259809417
6,0.2312186886911435
7,0.23256857833520178
8,0.2336184925028027
9,0.23415385019618834
10,0.23437281039798205
11,0.23486766045403587
12,0.23470125070067266
13,0.23509099985986548
14,0.2354249141676009
15,0.23649015554932734
16,0.23756087093609865
17,0.23636206383127803
18,0.23712951933856502
19,0.23700690162556054
