epoch,train_loss
0,3.99245181746547
1,3.93504443190023
2,3.9200429018302883
3,3.9009572935745855
4,3.88518285216772
5,3.8773852837994496
6,3.869727937629939
7,3.858883835275077
8,3.849869055598306
9,3.8365219206018835
10,3.8302750566080546
11,3.8208978892441823
12,3.820817742112506
13,3.8102322405229234
14,3.808296695418422
15,3.8003469208430816
16,3.7912867186849963
17,3.794280121679263
18,3.7854660220210326
19,3.7788714111653143
