epoch,train_reward
0,0.3590038921266393
1,0.38209511279525243
2,0.3838894111960458
3,0.39648088999927844
4,0.3995578422674684
5,0.41146967349565616
6,0.4062478766847619
7,0.4353084708543102
8,0.3964291275082148
9,0.4091424046610503
10,0.42517434134077065
11,0.4097326456698602
12,0.4258645047254092
13,0.41807551207563803
14,0.4346448857955334
15,0.4130910168581479
16,0.42545713410783775
17,0.4134646900031599
18,0.4200817655287516
19,0.4170845032005567
