epoch,train_loss
0,2.5000617599487303
1,2.1138829803466797
2,2.052451708316803
3,2.025327033996582
4,2.080488123893738
5,2.0609472227096557
6,1.9836129140853882
7,1.9837992000579834
8,1.9764622116088868
9,1.9265053462982178
10,1.9018577170372009
11,1.9417711877822876
12,1.8862245202064514
13,1.8910797142982483
14,1.8692571330070495
15,1.8812243700027467
16,1.8687895011901856
17,1.838388407230377
18,1.8749107146263122
19,1.8637713408470153
