epoch,train_acc
0,0.21903268914473684
1,0.2304173519736842
2,0.23104697779605263
3,0.23224198190789475
4,0.23382247121710525
5,0.23140676398026316
6,0.23353978207236842
7,0.2351588199013158
8,0.23238332648026316
9,0.23546720805921054
10,0.23747173108552633
11,0.23733038651315788
12,0.23702199835526316
13,0.23666221217105263
14,0.23772872121710525
15,0.23595548930921054
16,0.23712479440789475
17,0.23751027960526316
18,0.23560855263157895
19,0.23819130345394737
