epoch,train_loss
0,3.906572103500366
1,3.7535820383774605
2,3.7308460536756014
3,3.7182729746166028
4,3.6869183465054163
5,3.687950372695923
6,3.6999147816708216
7,3.6860038606744063
8,3.6865568662944592
9,3.6854843214938513
10,3.692535814486052
11,3.6834250625811125
12,3.6517323067313745
13,3.670987468016775
14,3.680277786756817
15,3.67716834419652
16,3.658739491512901
17,3.6692138220134534
18,3.659770187578703
19,3.6411663482063696
