epoch,train_reward
0,0.07444657640237558
1,0.12248567217274715
2,0.12436581834366447
3,0.1478983026586081
4,0.15551137728126427
5,0.1647426489936678
6,0.14182643906066292
7,0.10382250461139177
8,0.16896983353715195
9,0.15544959236132472
10,0.11483171190086164
11,0.1070398027567487
12,0.13903138786554337
13,0.15278796930062144
14,0.19553698520911367
15,0.14751600395692022
16,0.13643846896133924
17,0.1474563969593299
18,0.12850146034830495
19,0.06996373989080128
