epoch,train_acc
0,0.2252750140134529
1,0.22959947799887892
2,0.231585447029148
3,0.2320135142236547
4,0.2340191896720852
5,0.23456111617152467
6,0.2352847796384529
7,0.23639928706558297
8,0.23589786820347533
9,0.23790135404988788
10,0.23668612492993274
11,0.2380579105941704
12,0.23819913992432734
13,0.2383447484585202
14,0.2382560695767937
15,0.23928408772421525
16,0.2399135983043722
17,0.2399278307174888
18,0.24024313340807174
19,0.2405442036855381
