epoch,train_loss
0,3.9591200854211643
1,3.899882707895185
2,3.8749689542659196
3,3.8584914378521153
4,3.8392260641260534
5,3.8337084370343675
6,3.825004934730017
7,3.8127949077452246
8,3.809186660655411
9,3.790160295674619
10,3.7839838988043266
11,3.780690572721541
12,3.7756357962775122
13,3.762958326681847
14,3.7675027280644984
15,3.7560047568761714
16,3.7492719968872756
17,3.7470995577996087
18,3.7443752823389165
19,3.7360044723134402
