epoch,train_reward
0,0.3631329613950755
1,0.37648214085754256
2,0.3863961008364844
3,0.38516082785054706
4,0.38859334641507925
5,0.42146369119930693
6,0.4114972459895728
7,0.4211137288087152
8,0.4202201743296978
9,0.412150571565457
10,0.4209871591473909
11,0.4263364489570327
12,0.41611216648277144
13,0.415670835116519
14,0.42343448643727155
15,0.4258059962180698
16,0.42883773555670085
17,0.42282457429197334
18,0.4225604166631741
19,0.41499270933091376
