epoch,train_acc
0,0.5642286907931614
1,0.599785637962444
2,0.6025817597393498
3,0.6028324691704036
4,0.6036776555493274
5,0.6034346097253364
6,0.6028456067825112
7,0.603098505815583
8,0.6016424204736547
9,0.6009384634248879
10,0.600652720361547
11,0.5991013873318386
12,0.5980416199551569
13,0.5974624702214125
14,0.59716796875
15,0.5965286049607623
16,0.5956669965667041
17,0.5944079754063901
18,0.5932847095711884
19,0.5929518900644619
