epoch,train_loss
0,2.0819718019844706
1,2.092909280494724
2,2.2570607865337835
3,2.4150389160275996
4,2.511586405236625
5,2.616283282036204
6,2.678576962295669
7,2.7244427792159964
8,2.792483810886674
9,2.843325703667953
10,2.9054014575855613
11,2.931678597702574
12,3.0015099946693455
13,3.0132126198755786
14,3.066245924731541
15,3.079664463419551
16,3.113005062924372
17,3.148608772209407
18,3.139063802000653
19,3.187866779720837
