epoch,train_loss
0,3.792643895149231
1,3.6544814682006836
2,3.632295732498169
3,3.626136360168457
4,3.606234884262085
5,3.603785219192505
6,3.589441523551941
7,3.590840582847595
8,3.577743926048279
9,3.5683823156356813
10,3.564148578643799
11,3.5418395233154296
12,3.554233794212341
13,3.5271763610839844
14,3.5355204343795776
15,3.519268441200256
16,3.537214741706848
17,3.503832025527954
18,3.5203250551223757
19,3.509620099067688
