epoch,train_reward
0,0.9187115073204041
1,0.9310980248451233
2,0.9408234918117523
3,0.9480347383022308
4,0.9351735413074493
5,0.9373150241374969
6,0.9521528804302215
7,0.9466177535057068
8,0.9416554117202759
9,0.9446115803718567
10,0.9438397657871246
11,0.9445476007461547
12,0.9394977414608001
13,0.9381834447383881
14,0.9512420701980591
15,0.9314351940155029
16,0.9420158731937408
17,0.9487860441207886
18,0.9362723469734192
19,0.9317477869987488
