epoch,train_loss
0,4.250346735904091
1,4.112967942890368
2,4.098239045394094
3,4.1209815677843595
4,4.061690305408678
5,4.06396756674114
6,4.044333972428975
7,4.078331809294851
8,4.04280780491076
9,4.026418999621742
10,4.0425802281028345
11,4.058512210845947
12,4.036451289528294
13,4.079951512186151
14,4.11768459018908
15,4.078640561354788
16,4.080200659601312
17,4.0926586703250285
18,4.119859042920564
19,4.043469190597534
