epoch,train_reward
0,0.08866261024224131
1,0.18234814232901522
2,0.13205217491639287
3,0.19496809573549972
4,0.17948519085582934
5,0.21986143290996552
6,0.19469973366511495
7,0.18281846218987516
8,0.22899220178001806
9,0.21749502969415566
10,0.1889786998692312
11,0.14174994277326683
12,0.22095271239155218
13,0.16892643743439725
14,0.19899774774124748
15,0.17864840281637093
16,0.19377636203640386
17,0.23287232141745717
18,0.18827426433563232
19,0.13309610164479205
