epoch,train_acc
0,0.5660978618421053
1,0.708753083881579
2,0.7547928659539473
3,0.7964638157894737
4,0.829358552631579
5,0.8489925986842105
6,0.87158203125
7,0.8815146998355263
8,0.8930278577302632
9,0.9009174547697368
10,0.906262849506579
11,0.9124177631578947
12,0.9148591694078947
13,0.9202045641447368
14,0.9207313939144737
15,0.9219649465460527
16,0.9227359169407895
17,0.9241236636513158
18,0.9234426398026315
19,0.9211682771381579
