epoch,train_loss
0,1.8365926617070247
1,1.1646498755404824
2,0.9734147285160265
3,0.8053283314955862
4,0.6901852457146895
5,0.6099368239703932
6,0.5309586179883856
7,0.48907679319381714
8,0.44287742752777903
9,0.40661825945502833
10,0.38812736774745743
11,0.3643713985618792
12,0.35070304180446427
13,0.3309521800593326
14,0.3281104878375405
15,0.32338255486990275
16,0.314050051726793
17,0.3182459348126462
18,0.3185449932750903
19,0.32165097562890305
