epoch,train_reward
0,0.061276611038728765
1,0.035336854132382495
2,0.0359098969125434
3,0.03340864828542659
4,0.03051351853891423
5,0.025311544047374474
6,0.021493887528777122
7,0.020050747908259694
8,0.018873629013174457
9,0.017559466197302465
10,0.018088895827531815
11,0.017703196916141008
12,0.019630603786361844
13,0.017719963222349946
14,0.017858593087447316
15,0.016721387344755624
16,0.01668396508811336
17,0.018242815117302694
18,0.017254017342470195
19,0.01785075311598025
