epoch,train_acc
0,0.5534427112528026
1,0.591447633478139
2,0.5950013575532511
3,0.5969446293441704
4,0.5971219871076233
5,0.5936054862668162
6,0.593084360986547
7,0.593644899103139
8,0.5941879204035875
9,0.5951327336743274
10,0.5959549292320628
11,0.59326171875
12,0.5928643059837444
13,0.5920322572169282
14,0.5890281232483184
15,0.5890193648402466
16,0.5881216280128924
17,0.5858794755465246
18,0.5866874386911435
19,0.586007567264574
