epoch,train_loss
0,2.0387975715201
1,2.035315790518517
2,2.20783982469362
3,2.342305884767541
4,2.4644611886798535
5,2.5799963078691284
6,2.6581299176665163
7,2.7417451020313486
8,2.803183724527402
9,2.8186300388900687
10,2.8861575458081847
11,2.9331284756083127
12,2.9763680006891087
13,2.9975572701526865
14,3.0409453588750863
15,3.076985361330178
16,3.1313613647837277
17,3.1745538176977046
18,3.1659926117268378
19,3.2003311726009898
