epoch,train_loss
0,3.835654559888338
1,3.6734022466759932
2,3.66020783625151
3,3.6583546964745772
4,3.6140394336298893
5,3.634632574884515
6,3.608754961114181
7,3.6203247747923197
8,3.6039266962754097
9,3.5845648489500346
10,3.594808503201133
11,3.565690705650731
12,3.5406677095513595
13,3.5990099906921387
14,3.57604970430073
15,3.5434662040911222
16,3.5576071739196777
17,3.561712290111341
18,3.528832950090107
19,3.5392277366236637
