epoch,train_reward
0,0.06712966726014488
1,0.08820622257496182
2,0.10794282998693616
3,0.13864941071522863
4,0.1213718188044272
5,0.12309591589789641
6,0.05626118830160091
7,0.06009450535240926
8,0.11995493895129154
9,0.15974455758144981
10,0.1360534521702089
11,0.04596894155991705
12,0.07476018271163891
13,0.18512906212555735
14,0.1492836095000568
15,0.10232947315824659
16,0.1526862437787809
17,0.13337921900184532
18,0.10934741775456228
19,0.09085664466807716
