epoch,train_reward
0,0.3468644639034442
1,0.31313001681870944
2,0.291702606953313
3,0.28037686138142387
4,0.2687061723705899
5,0.26039137621096964
6,0.2545692006568738
7,0.24694587584300962
8,0.2456621622558132
9,0.24198787896622456
10,0.23879856385724962
11,0.23523316081329312
12,0.234357725678538
13,0.23430329066755526
14,0.2309418864581617
15,0.22774727275018736
16,0.226826309422741
17,0.22592588256827384
18,0.22552404375621557
19,0.22249076024299244
