epoch,train_acc
0,0.5865671258223685
1,0.7056178042763158
2,0.7604081003289473
3,0.7918765419407895
4,0.8140162417763158
5,0.8224069695723685
6,0.8497892680921053
7,0.855725740131579
8,0.8620990953947368
9,0.871569181743421
10,0.8753983347039473
11,0.8753469366776315
12,0.8876182154605263
13,0.8942614103618421
14,0.8952379728618421
15,0.9041426809210527
16,0.9057103207236842
17,0.9112356085526315
18,0.9174419202302632
19,0.9195363898026315
