epoch,train_loss
0,1.786283994975843
1,1.1965956499702053
2,0.9845506580252397
3,0.8470635225898341
4,0.7627963831550196
5,0.7192914234964471
6,0.6191515734321192
7,0.5936876943236903
8,0.5657857217286762
9,0.5290364732867793
10,0.510885415892852
11,0.5026138095479262
12,0.4651060982754356
13,0.4345740236734089
14,0.43116799153779684
15,0.40145470594104965
16,0.38909682788346944
17,0.36809879384542765
18,0.3454668349341342
19,0.3373875021934509
