epoch,train_reward
0,0.05097377643381294
1,0.03405789903512126
2,0.02991230609385591
3,0.024074890993927654
4,0.02287022122427037
5,0.026165763700478954
6,0.02240892592817545
7,0.026283399741116324
8,0.022035945451965456
9,0.02310777445764918
10,0.022725334390997887
11,0.02013148940903576
12,0.018465824180135603
13,0.018144243936005392
14,0.018474398229859378
15,0.018447363307993663
16,0.018679688684642315
17,0.017204450296336098
18,0.016593269317557936
19,0.016772333875690635
