epoch,train_acc
0,0.28438527960526316
1,0.2961682771381579
2,0.30081979851973684
3,0.2984683388157895
4,0.30170641447368424
5,0.3045461554276316
6,0.30912057976973684
7,0.3096859580592105
8,0.31278268914473684
9,0.31136924342105265
10,0.31103515625
11,0.3107781661184211
12,0.31185752467105265
13,0.3110608552631579
14,0.3113563939144737
15,0.3096988075657895
16,0.31694592927631576
17,0.3123586554276316
18,0.3143374794407895
19,0.31464586759868424
