epoch,train_loss
0,3.0805908880735697
1,2.8900657954968905
2,2.816422550301803
3,2.8008236257653487
4,2.7826277582268966
5,2.7677037213978015
6,2.753423816279361
7,2.7349070373334383
8,2.7119621728595935
9,2.7096999946393465
10,2.7195311094585217
11,2.716103378095125
12,2.704451975069548
13,2.6949789900528756
14,2.6892059100301644
15,2.6983572181902433
16,2.683968656941464
17,2.6803642448626066
18,2.669587022379825
19,2.6654224019301567
