epoch,train_reward
0,0.26716450013612447
1,0.23484839185288078
2,0.3215911153115724
3,0.31995716142027003
4,0.28328857610100194
5,0.2808612208617361
6,0.2708924302929326
7,0.40677330525297867
8,0.3339656795326032
9,0.30184728613025263
10,0.35440914489721
11,0.3111690580844879
12,0.28714948578884725
13,0.3481502046710567
14,0.29566817377742965
15,0.4411436256609465
16,0.2816831963626962
17,0.31978716034638255
18,0.3523155874327609
19,0.2779465090287359
