epoch,train_acc
0,0.2577354029605263
1,0.2745554070723684
2,0.2679893092105263
3,0.27094469572368424
4,0.2801063939144737
5,0.2850534539473684
6,0.283203125
7,0.2801449424342105
8,0.2797080592105263
9,0.2807745682565789
10,0.28231650904605265
11,0.2876105057565789
12,0.28191817434210525
13,0.2828561883223684
14,0.2861585115131579
15,0.2856573807565789
16,0.2887926603618421
17,0.28402549342105265
18,0.2787057976973684
19,0.2818153782894737
