epoch,train_loss
0,3.3785515207993355
1,3.1628252707029643
2,3.141964548512509
3,3.087387197896054
4,3.0066835629312614
5,2.9632091020282947
6,2.9691867702885677
7,2.9658959037379216
8,2.9923699278580513
9,2.985360446729158
10,2.9567049804486727
11,2.923075512835854
12,2.9836235422837105
13,2.9703273145776046
14,2.925165339520103
15,2.9536029163159823
16,2.928128292686061
17,2.9312510364934017
18,2.961916710201063
19,2.9710209495142887
