epoch,train_loss
0,2.3631783226680327
1,2.4779108971223702
2,2.6611334422244086
3,2.809995505841858
4,2.8988254412407297
5,3.0561947341457074
6,3.150765289640213
7,3.2752398984849185
8,3.31488701046315
9,3.3503735856624997
10,3.3829157919092565
11,3.4702091901291645
12,3.497852759510947
13,3.6038788380644244
14,3.624584607479284
15,3.7084723181788695
16,3.670244138871608
17,3.585776247785765
18,3.7460332547602633
19,3.7574765532540635
