epoch,train_reward
0,0.6278145172938103
1,0.651468190644354
2,0.6715210793798815
3,0.6679412882958827
4,0.6726650985901665
5,0.679429067624524
6,0.6801057353682582
7,0.6874592654373614
8,0.6871110294431849
9,0.6924185220970701
10,0.6918473291824752
11,0.6949711276276764
12,0.7000937656971371
13,0.7019476524382964
14,0.6969913182771794
15,0.6987151129363364
16,0.7035724662344552
17,0.6920396883391479
18,0.7010289120567219
19,0.693171136047808
