epoch,train_acc
0,0.22479877557455158
1,0.22748541725056054
2,0.22784451198150224
3,0.22839410208800448
4,0.23030890905269058
5,0.2308979119955157
6,0.2304829824131166
7,0.23126138593049328
8,0.2313161259809417
9,0.2322784560678251
10,0.23226312885369954
11,0.23260799117152467
12,0.23277221132286996
13,0.23306999719730942
14,0.2332177953335202
15,0.2343640519899103
16,0.23474175833800448
17,0.2345676849775785
18,0.23502421699831838
19,0.2346607430633408
