epoch,train_loss
0,4.003786706069125
1,3.9843950325063524
2,3.98798255428605
3,3.98423000408395
4,3.973661459080307
5,3.9735699020693653
6,3.970676566453258
7,3.9676781844665117
8,3.9650398947198293
9,3.9593367512450626
10,3.9519311611962427
11,3.9488680779666643
12,3.9505911675269294
13,3.943191762462325
14,3.9435789253679627
15,3.936293821163776
16,3.9292246236929445
17,3.9298489104471934
18,3.926879341826845
19,3.9227501148600217
