epoch,train_loss
0,1.6863223330322403
1,1.2856849565634278
2,1.1430833633705104
3,1.048155671277923
4,0.9751074883435339
5,0.9200327268095829
6,0.8770135822852096
7,0.844515750493704
8,0.817395947706539
9,0.7890602013455378
10,0.7623173599820501
11,0.749487940773301
12,0.7315045461526366
13,0.707844086559364
14,0.6886659769733925
15,0.6781819671258799
16,0.6641387231146808
17,0.6478970294041484
18,0.6369072503573157
19,0.6317886587215646
