epoch,train_loss
0,4.337967784950017
1,4.473615879435176
2,4.519224981556024
3,4.556470537399497
4,4.5786675487398565
5,4.6000587758461995
6,4.624680082894227
7,4.637807903802983
8,4.680081660437477
9,4.680781933224255
10,4.682964273632375
11,4.698968889467385
12,4.712050799297111
13,4.715648381699361
14,4.73420636857037
15,4.713531941041818
16,4.721407052112801
17,4.722917479784499
18,4.7319654156808895
19,4.751845006985515
