epoch,train_reward
0,0.6545661546189688
1,0.7573627213458843
2,0.7660256995748511
3,0.776846760591584
4,0.8035077687870761
5,0.7777114563993275
6,0.7938495037801597
7,0.7885530053767388
8,0.8042370219936286
9,0.774847277344075
10,0.7967888440251885
11,0.8108601431140985
12,0.8258445321711724
13,0.8350602276122089
14,0.8165011964571316
15,0.8156247422299577
16,0.8188707203073886
17,0.8265666905539988
18,0.8269650508470064
19,0.8434796731568238
