epoch,train_loss
0,3.703036553558262
1,3.668821721241392
2,3.6721505077405907
3,3.677614318913427
4,3.6658978914392404
5,3.663316508819317
6,3.657100088294895
7,3.6584037898600785
8,3.6498405714144653
9,3.645492142644422
10,3.6388402190701714
11,3.643213470776876
12,3.6365357459276573
13,3.626908609236794
14,3.6297193149040483
15,3.622802183545869
16,3.628187437167113
17,3.6296032557542297
18,3.6245875207857154
19,3.6208720741600824
