epoch,train_loss
0,3.142466789938409
1,3.0486974085392973
2,3.007453928079306
3,2.9797967399716914
4,2.9549962383749238
5,2.939276327466751
6,2.9231801888333306
7,2.9127280188248297
8,2.899895888272957
9,2.8853841063153047
10,2.881255648061299
11,2.871707031010512
12,2.8590286098788136
13,2.850180192913175
14,2.8454079563842227
15,2.837778429279413
16,2.830988959881222
17,2.828786347479029
18,2.825238212876256
19,2.8171030363159866
