epoch,train_acc
0,0.5241185238486842
1,0.5952662417763158
2,0.6265676398026315
3,0.6453150699013158
4,0.6585115131578947
5,0.6667223478618421
6,0.6640111019736842
7,0.670911287006579
8,0.6692151521381579
9,0.6724275287828947
10,0.6829641241776315
11,0.6809724506578947
12,0.678466796875
13,0.6768991570723685
14,0.6723889802631579
15,0.6739823190789473
16,0.6777086759868421
17,0.6797774465460527
18,0.6783511513157895
19,0.6787880345394737
