epoch,train_loss
0,2.115917117972123
1,1.8075516349390934
2,1.7158965060585423
3,1.696215874270389
4,1.6926448658892983
5,1.6842023134231567
6,1.709111816004703
7,1.728067441990501
8,1.8070725829977738
9,1.7927269810124447
10,1.7517159173363133
11,1.852047412019027
12,1.955526402122096
13,1.966118523949071
14,1.9660330634368093
15,1.9051698195306879
16,1.9522442064787213
17,1.8914066239407188
18,1.9443152954703884
19,1.9100830805929083
