epoch,train_reward
0,0.011090732914836783
1,0.010273760135628675
2,0.009372285126071227
3,0.009608441816740915
4,0.009281075755624394
5,0.008542694249435476
6,0.009362328356426013
7,0.008673000811158042
8,0.009318550999619458
9,0.008977677624084447
10,0.008657761310276232
11,0.008319871083490159
12,0.00893794083477635
13,0.008190029202715346
14,0.008740387048180165
15,0.008777177696557422
16,0.008600544527565179
17,0.008252804584212993
18,0.008102259034977147
19,0.007873408006210076
