epoch,train_acc
0,0.2334498355263158
1,0.24465460526315788
2,0.24844520970394737
3,0.24784128289473684
4,0.25042403371710525
5,0.2490748355263158
6,0.25253135279605265
7,0.2524671052631579
8,0.25101511101973684
9,0.25531969572368424
10,0.2575940583881579
11,0.25810803865131576
12,0.2576968544407895
13,0.25483141447368424
14,0.25732421875
15,0.25386770148026316
16,0.2591488486842105
17,0.2577354029605263
18,0.2552939967105263
19,0.2569387335526316
