epoch,train_loss
0,3.704504841252377
1,3.543614751414249
2,3.5093235467609607
3,3.48468353873805
4,3.460796883231715
5,3.464398660157856
6,3.461859427000347
7,3.451424573597155
8,3.4528309796985828
9,3.446586859853644
10,3.4397649137597335
11,3.4225441656614604
12,3.403803536766454
13,3.4247289080368843
14,3.428521331987883
15,3.4122229249853837
16,3.4009505196621546
17,3.39861209768998
18,3.3996254142962004
19,3.3894160421271073
