epoch,train_reward
0,0.05556654949721537
1,0.10726456226486909
2,0.1014403996891097
3,0.11131185214770467
4,0.12372126979263205
5,0.14467004568953262
6,0.11574008394228785
7,0.09314639435002678
8,0.13327018583291456
9,0.1255573504849484
10,0.10792909503767364
11,0.09665581172234133
12,0.09478233009576797
13,0.12372193720779921
14,0.16386768378709493
15,0.1413489415457374
16,0.1079634277052001
17,0.134723383345102
18,0.10883455880378422
19,0.058435555547475815
