epoch,train_acc
0,0.4505422491776316
1,0.5060521175986842
2,0.5494834498355263
3,0.5633609169407895
4,0.5722399259868421
5,0.576171875
6,0.5794228001644737
7,0.5868626644736842
8,0.5743215460526315
9,0.5713790090460527
10,0.5853464226973685
11,0.5787289268092105
12,0.5826994243421053
13,0.5853078741776315
14,0.5832905016447368
15,0.5789345189144737
16,0.583727384868421
17,0.5855648643092105
18,0.5821982935855263
19,0.5769556949013158
