epoch,train_loss
0,2.4253533890372827
1,2.2080254680232
2,2.0369728427184257
3,2.116320861013312
4,2.153411626815796
5,2.1533473039928235
6,2.146675523958708
7,2.0597963835063733
8,2.316174293819227
9,2.292869944321482
10,2.2912377432772986
11,2.219423061922977
12,2.1555132991389225
13,2.2780192274796334
14,2.1624317169189453
15,2.3477893879539087
16,2.2906329380838493
17,2.3089677785572253
18,2.3203609240682503
19,2.344617479725888
