epoch,train_loss
0,3.9874486527635375
1,3.970052263661885
2,3.9651575537540453
3,3.9633260885161667
4,3.9573420045621726
5,3.9517421187841304
6,3.9592133776489393
7,3.9523598720139987
8,3.9486432086191905
9,3.9368129289738265
10,3.9352058690759635
11,3.9281922830059925
12,3.9337291525083806
13,3.920009628005092
14,3.921704970133144
15,3.9131971036372164
16,3.912325668762618
17,3.9141479137232484
18,3.911806320395705
19,3.9043676607277362
