epoch,train_loss
0,0.9414785144657924
1,0.6585620741049448
2,0.5575466827414501
3,0.4913621952478913
4,0.44295786269779863
5,0.4031785724834464
6,0.37416870326831425
7,0.3498142430152016
8,0.3261930999057046
9,0.30994238918540123
10,0.2970633618105417
11,0.2835976264771374
12,0.2713663683369242
13,0.2629799737498678
14,0.253482131779879
15,0.2498625815771092
16,0.24403535531855178
17,0.23790885096993938
18,0.23249681191197757
19,0.2271688760354601
