epoch,train_loss
0,2.9326335132712185
1,2.8715162666717378
2,2.8594473045651276
3,2.847170855739329
4,2.8456549797907913
5,2.836863358422081
6,2.827980440441925
7,2.821563517693246
8,2.80957558485541
9,2.813616645218122
10,2.8074237592149487
11,2.8011335441381626
12,2.7990047731021845
13,2.794866450942389
14,2.7972358595026603
15,2.788203519169647
16,2.781781763133436
17,2.7863365706830923
18,2.7758017660367607
19,2.7760100765983657
