epoch,train_acc
0,0.6374666060524425
1,0.6993001302083334
2,0.7226001257183908
3,0.7365217537715517
4,0.7547733701508621
5,0.7692394037356322
6,0.7822560277478449
7,0.7872959882363506
8,0.7896097117456896
9,0.8020215966235632
10,0.8102227572737069
11,0.8162645361889368
12,0.8234779094827587
13,0.8255025929418104
14,0.8294200677981322
15,0.8348402702945402
16,0.8391744679418104
17,0.8320003816451149
18,0.8291534774604885
19,0.8290257947198276
