epoch,train_loss
0,1.6602445676408966
1,1.327026669321389
2,1.2257006319089867
3,1.158898422772857
4,1.0723465636543843
5,1.0021465951683877
6,0.9430920533065138
7,0.9198767768925634
8,0.9061757994109186
9,0.8511177760431137
10,0.8177485551642275
11,0.7855404070739088
12,0.7607836384197761
13,0.7501698472033972
14,0.7319769876441736
15,0.7009605008295212
16,0.6848381134285324
17,0.7135336816995993
18,0.7281425276706959
19,0.7252967210336664
