epoch,train_acc
0,0.28018585341928254
1,0.2826283544702915
2,0.2851847148262332
3,0.28623243939181614
4,0.2878209956558296
5,0.28797207819506726
6,0.28767538712163676
7,0.2888282125840807
8,0.2888665306193946
9,0.2905207749439462
10,0.288609252382287
11,0.2889114174607623
12,0.290841551639574
13,0.28991097078195066
14,0.29011022456558294
15,0.29028867713004486
16,0.2906773314882287
17,0.29235675623598656
18,0.29124662801289236
19,0.29155755149943946
