epoch,train_loss
0,3.2680540501804094
1,3.2357167353009966
2,3.2333843975323733
3,3.237667507120312
4,3.2327641050911806
5,3.2282844391638923
6,3.228389602070967
7,3.228559152962381
8,3.2256044667932486
9,3.21962494807393
10,3.2224964111909737
11,3.218639592953327
12,3.2128953698504668
13,3.2185522098712323
14,3.2154296770224122
15,3.215045528026974
16,3.208951524554881
17,3.2110871295757892
18,3.2102834846941346
19,3.2173091969682495
