epoch,train_loss
0,1.9416588261523053
1,1.6047154723796075
2,1.4892908190397938
3,1.4067453087178046
4,1.3375522684088736
5,1.295416707949788
6,1.240567823696564
7,1.2085832106158338
8,1.1676869258752318
9,1.1460170473218498
10,1.1316097766294608
11,1.1171927505544483
12,1.0909949327263597
13,1.0742786085659077
14,1.0519505498655173
15,1.0432424181779938
16,1.0276800883190513
17,1.010484727776104
18,0.9934269866066663
19,0.9843467527440846
