epoch,train_loss
0,2.2773266879991554
1,2.293496022279235
2,2.3312965453356163
3,2.3440728571223115
4,2.3702229110673927
5,2.3273980411989936
6,2.4101086608294784
7,2.3965267271831117
8,2.403020949199282
9,2.52432997473355
10,2.586952980907484
11,2.549669524718975
12,2.493058702041363
13,2.543862911476486
14,2.54514597613236
15,2.500154684329855
16,2.508940366492874
17,2.6081985755898485
18,2.646829322836865
19,2.6459200423339317
