epoch,train_reward
0,0.9917091453212431
1,0.9924811686592541
2,0.992883448285618
3,0.9928038466250759
4,0.9925675604535246
5,0.9931709852026797
6,0.9929105711394343
7,0.9929385383923849
8,0.9929225249537106
9,0.9930715136144354
10,0.9931862631748463
11,0.993166341521274
12,0.9927671325617823
13,0.9929068537279108
14,0.9929919088708943
15,0.9930376598889801
16,0.9929479977180218
17,0.9928877884629129
18,0.9930179893285379
19,0.9929795498135446
