epoch,train_acc
0,0.2117706435678251
1,0.21104698010089687
2,0.20966205682455158
3,0.20874789798206278
4,0.2093084360986547
5,0.2105433716367713
6,0.2090719590807175
7,0.20924493764013452
8,0.2094836042600897
9,0.2093609865470852
10,0.2088343872617713
11,0.20811510299887892
12,0.2087161487528027
13,0.20811729260089687
14,0.20829136596132286
15,0.20926902326233185
16,0.20989962864349776
17,0.20917487037556054
18,0.2102324481502242
19,0.20923070522701795
