epoch,train_loss
0,4.216280776823583
1,4.243862789308009
2,4.29616326601516
3,4.327445551953508
4,4.34869916556662
5,4.356464279072167
6,4.372259770808198
7,4.387428914484956
8,4.392279323441031
9,4.398645852178736
10,4.405707727098679
11,4.415801298457946
12,4.425999267218893
13,4.431267524513963
14,4.434805378251012
15,4.434068087505119
16,4.434278725508618
17,4.438504223331742
18,4.4367064830968195
19,4.438723782252838
