epoch,train_reward
0,0.5642207876983779
1,0.6274212274048895
2,0.6544526788685888
3,0.6393506756812468
4,0.6398924220303249
5,0.6620548404920261
6,0.693496288205476
7,0.68811257243691
8,0.6853004538959452
9,0.6680009677805708
10,0.6731639555216905
11,0.7065453473227976
12,0.6708314817047974
13,0.6926796986917744
14,0.6990709981041638
15,0.6944906628719895
16,0.6875795326425356
17,0.6916327211888916
18,0.7028613125262239
19,0.6882473508338757
