epoch,train_loss
0,1.4312393144629467
1,1.0783637412663163
2,0.9668096848602953
3,0.8898594557553873
4,0.7892177128928831
5,0.7210984377340338
6,0.6667549661521254
7,0.6458222400182965
8,0.6244106809983309
9,0.5931040535027954
10,0.5791833359619667
11,0.5647716849357233
12,0.55027158609752
13,0.5721101637544304
14,0.5410566184369997
15,0.5089176531838274
16,0.5265359234535831
17,0.5080191297777767
18,0.5047070212747858
19,0.4696405507709788
