epoch,train_loss
0,1.479983417611373
1,0.8817092148881209
2,0.6968274649820829
3,0.5807344474290547
4,0.5128397957274788
5,0.45855816571336044
6,0.41759467438647624
7,0.3855201382386057
8,0.35952883174544886
9,0.33140450716018677
10,0.3205117865612632
11,0.3101833760738373
12,0.2922367869239104
13,0.3059370337348235
14,0.3254375818528627
15,0.29802530376534714
16,0.2740915739222577
17,0.2528440873873861
18,0.2464539918460344
19,0.2311618884927348
