epoch,train_acc
0,0.28608141447368424
1,0.2966437088815789
2,0.29657946134868424
3,0.2963738692434211
4,0.30087119654605265
5,0.3043148643092105
6,0.29935495476973684
7,0.30268297697368424
8,0.30728310032894735
9,0.3062808388157895
10,0.30437911184210525
11,0.3095960115131579
12,0.30814401726973684
13,0.3058054070723684
14,0.30917197779605265
15,0.3087093955592105
16,0.3150185032894737
17,0.30892783717105265
18,0.3038265830592105
19,0.31207596628289475
