epoch,train_loss
0,3.0564374170805277
1,2.8796677714899968
2,2.849915065263447
3,2.839487025612279
4,2.7924701665577136
5,2.7835739035355416
6,2.8007044541208366
7,2.774807942541022
8,2.746955520228336
9,2.7406879600725675
10,2.769193021874679
11,2.740813054536518
12,2.7272487188640393
13,2.7360562901747856
14,2.713659926464683
15,2.7201955067484
16,2.6961715095921566
17,2.7131059420736214
18,2.7419306729969226
19,2.6948737345243754
