epoch,train_reward
0,0.021376835280343107
1,0.022832305807816356
2,0.040788458856312854
3,0.03028538568239463
4,0.02804267141771944
5,0.031593195211730506
6,0.0334103706439859
7,0.029466829703826653
8,0.034762329176852576
9,0.030829974989357748
10,0.034775866881797186
11,0.03176755222835039
12,0.029370808189636784
13,0.03394724163962038
14,0.03242212533950806
15,0.027313723375922756
16,0.02514627056294366
17,0.03709830324116506
18,0.041010037652756036
19,0.036297540621537915
