epoch,train_acc
0,0.20554070723684212
1,0.2036646792763158
2,0.2116185238486842
3,0.2089329769736842
4,0.21830026726973684
5,0.21540912828947367
6,0.21295487253289475
7,0.21344315378289475
8,0.21461245888157895
9,0.20829050164473684
10,0.21519068667763158
11,0.21274928042763158
12,0.21420127467105263
13,0.2152806332236842
14,0.21233809621710525
15,0.21561472039473684
16,0.21100174753289475
17,0.21087325246710525
18,0.21152857730263158
19,0.2112330386513158
