epoch,train_loss
0,4.143726926100881
1,4.02220260469537
2,3.961028400220369
3,3.938022814298931
4,3.894883206016139
5,3.9304465745624744
6,3.9392325125242533
7,3.9291982650756836
8,3.934334767492194
9,3.967042132427818
10,3.9436045194927014
11,3.9492756065569425
12,3.9584267641368664
13,3.9489947871157995
14,3.967421029743395
15,3.9726841575221012
16,3.9610629081726074
17,3.962046824003521
18,3.959299426329763
19,3.972478276804874
