epoch,train_reward
0,0.061770337682805564
1,0.10046852968241039
2,0.08065166638085716
3,0.11478166517458464
4,0.11927135484783273
5,0.11349537341218245
6,0.16184422177703758
7,0.05592824753962065
8,0.09560621059254597
9,0.08394288271665573
10,0.14640811830759048
11,0.10839419968818363
12,0.093736196034833
13,0.10206814149492666
14,0.0834022791762101
15,0.0911062387259383
16,0.100631036256489
17,0.12667312904408104
18,0.08217803918217358
19,0.2835833908695924
