epoch,train_acc
0,0.6274304582399103
1,0.7109572064181614
2,0.7420298486547086
3,0.763462768007287
4,0.7785009546664798
5,0.7929534227858744
6,0.8032872495095291
7,0.812709106992713
8,0.8168343171945067
9,0.8235290253643498
10,0.8286614524943946
11,0.8334939041479821
12,0.8382343925168162
13,0.8422796822449552
14,0.8456067825112108
15,0.8485846412556054
16,0.8523474723234304
17,0.8553198570627802
18,0.856863526485426
19,0.8575510615190582
