epoch,train_loss
0,1.659904012765585
1,1.2745657223757072
2,1.143976318729298
3,1.0522998504574523
4,0.9889316318281028
5,0.9308997908515246
6,0.8898576158579155
7,0.8516104130466957
8,0.8331370666422652
9,0.8011603456976167
10,0.7807400782546655
11,0.7603906334248359
12,0.7418335424944958
13,0.7245564709329819
14,0.7117992767838619
15,0.6957253754940803
16,0.6823954935031087
17,0.6672113772999545
18,0.6654269059142724
19,0.6574875241972405
