epoch,train_reward
0,0.4151612015048485
1,0.40073100788176325
2,0.39168452628524847
3,0.38199294308375886
4,0.37628647297487133
5,0.3713115516532162
6,0.36596686703741815
7,0.3568297996114722
8,0.35521969225909145
9,0.35402956738600283
10,0.3498007596340949
11,0.3485167399382912
12,0.34752933834700306
13,0.3445087470815855
14,0.3425476309162619
15,0.3401532151773906
16,0.33758341584504986
17,0.3339168770163583
18,0.3360425578639112
19,0.33327281929452324
