epoch,train_loss
0,1.4662975612777231
1,1.0579910708649811
2,0.9295156058174612
3,0.8464995686783384
4,0.7847129176015811
5,0.7338102189949275
6,0.6942715412298126
7,0.667220479437054
8,0.6413365912544353
9,0.621771760051026
10,0.6004873701275197
11,0.588366692242601
12,0.57438013999986
13,0.562987080871257
14,0.5531228247512082
15,0.5404483176133024
16,0.5340771659072739
17,0.526493469161303
18,0.51780220157897
19,0.5091218358999945
