epoch,train_acc,test_acc
0,0.8928329615252358,1.0003336945901047
1,0.9989253226416451,1.0055811886449117
