epoch,train_loss,test_loss
0,0.29088306440498146,0.008227706976499207
1,0.012744681397665825,0.0012491825876880997
