epoch,train_loss
0,3.4093387126922607
1,3.3290087197086597
2,3.306535485947486
3,3.2851558829298115
4,3.2711806804826944
5,3.253967593211939
6,3.246885873303555
7,3.241018735536254
8,3.232246956022659
9,3.2241156561539905
10,3.2191717400409208
11,3.21575128323961
12,3.2125091588143073
13,3.2064988270844563
14,3.2086177438792616
15,3.1999221650680694
16,3.19589360869757
17,3.1946036496965013
18,3.1926452039492013
19,3.1881505239127885
