epoch,train_acc
0,0.26498252467105265
1,0.27423416940789475
2,0.27727950246710525
3,0.27618729440789475
4,0.2853232935855263
5,0.2848350123355263
6,0.28628700657894735
7,0.2870065789473684
8,0.2896535773026316
9,0.28579872532894735
10,0.28484786184210525
11,0.2870965254934211
12,0.2890753495065789
13,0.2855674342105263
14,0.2874820106907895
15,0.2869423314144737
16,0.28890830592105265
17,0.2885485197368421
18,0.28704512746710525
19,0.28812448601973684
