epoch,train_loss
0,3.3754093145069324
1,3.217979205282111
2,3.1405629233310095
3,3.1612657998737537
4,3.089268257743434
5,3.096941031907734
6,3.0356484337856897
7,3.064349801916825
8,3.063429230137875
9,3.039907355057566
10,3.112816760414525
11,3.0693295629400956
12,3.0487774045843827
13,3.0403022640629818
14,3.046697641673841
15,3.0567707262541117
16,3.0340623228173507
17,3.0128274967795923
18,3.0481405885596025
19,3.040997266769409
