epoch,train_reward
0,0.38060511413373443
1,0.43042401420442683
2,0.46720993205120687
3,0.4477963792650323
4,0.49075016379356384
5,0.48305151650780126
6,0.4640408111246009
7,0.5170661728633078
8,0.46373460481041356
9,0.483751505613327
10,0.5145313222157327
11,0.48199430108070374
12,0.48453504945102494
13,0.4467734302345075
14,0.4442016325498882
15,0.5094085696496462
16,0.45105352056653875
17,0.49747338263612045
18,0.5001057041318793
19,0.4627186467773036
