epoch,train_acc
0,0.4852230674342105
1,0.5250051398026315
2,0.5492778577302632
3,0.5656352796052632
4,0.5503957648026315
5,0.5529142680921053
6,0.551526521381579
7,0.5514622738486842
8,0.5473247327302632
9,0.5585552014802632
10,0.5608167146381579
11,0.563232421875
12,0.5670101768092105
13,0.5599686472039473
14,0.553466796875
15,0.5569104646381579
16,0.5505114103618421
17,0.5509097450657895
18,0.5486610814144737
19,0.5433413856907895
