epoch,train_loss
0,2.446525774504009
1,2.3177161969636617
2,2.2555525428370427
3,2.3748950079867712
4,2.5795764546645317
5,2.5435635039680884
6,2.5675251483917236
7,2.60588422574495
8,2.8009881596816215
9,2.8930001760783948
10,2.8163098034105802
11,2.8130032765237907
12,2.8650912611108077
13,2.8593329630400004
14,2.7967379344137093
15,2.9048892698789897
16,2.932091236114502
17,2.8928718190444145
18,2.9322487178601717
19,3.090686007549888
