epoch,train_reward
0,0.23386164558561226
1,0.19448724232221903
2,0.19759348975984672
3,0.2083235955552051
4,0.21432687812729886
5,0.25682448791830165
6,0.2413147209506286
7,0.2500687272925126
8,0.26825856848766927
9,0.22890135645866394
10,0.24592582018751846
11,0.26000158253468963
12,0.24456272078187843
13,0.24835480357471265
14,0.234382500773982
15,0.2268429171097906
16,0.22985284108864634
17,0.23992358304952321
18,0.23878921097830721
19,0.239073877271853
