epoch,train_acc
0,0.30575591738861385
1,0.3153160775061881
2,0.31840409382735146
3,0.32141355004641087
4,0.3235709313118812
5,0.3258395053372525
6,0.32670366646039606
7,0.3285999864634901
8,0.32980860341893564
9,0.3291970432394802
10,0.33077549698329206
11,0.3318185334158416
12,0.3313737623762376
13,0.3321762840346535
14,0.33241438157487624
15,0.33343082843440597
16,0.33436508934096537
17,0.33365804842202973
18,0.3352365021658416
19,0.3355628287438119
