epoch,train_loss
0,2.754835299926229
1,2.662506063385765
2,2.6275792582200306
3,2.6077265373551017
4,2.58722184436156
5,2.570825716056446
6,2.558911404987373
7,2.54709526807955
8,2.53398064575573
9,2.5301419827017453
10,2.521710166836729
11,2.51438838066441
12,2.5077796808563835
13,2.5012595205023738
14,2.497562560704675
15,2.4919471032548657
16,2.4847942531699
17,2.4837687452240744
18,2.4765052771804354
19,2.4727248224881615
