epoch,train_acc
0,0.4462168056334081
1,0.4621800991451794
2,0.4612965947309417
3,0.4586614087023543
4,0.45541203930773544
5,0.45183860881446186
6,0.4475546524663677
7,0.44391553391255606
8,0.44640949061098656
9,0.4435958520179372
10,0.4424616381726457
11,0.4368518778026906
12,0.43465789658071746
13,0.434362300308296
14,0.4332707837023543
15,0.43433930948710764
16,0.4296075795263453
17,0.42852044212443946
18,0.4261863263733184
19,0.42536413081558294
