epoch,train_loss
0,2.6817412429860887
1,2.791200080794604
2,2.9568513776154797
3,3.1088215641911257
4,3.253049548965933
5,3.366561992286032
6,3.4639127329325996
7,3.58875378151111
8,3.555756543249293
9,3.671133052073252
10,3.672303230773173
11,3.727530889981531
12,3.8080129655487336
13,3.8182317365979936
14,3.8058527542336638
15,3.9209286546493325
16,3.9597817376055526
17,4.026225792452894
18,4.021734898400414
19,4.0811513058273245
