epoch,train_reward
0,0.6712634942991317
1,0.7058366112110326
2,0.6903068375159807
3,0.6918272255782054
4,0.7014326573487355
5,0.7248272481520615
6,0.7299977856366624
7,0.7268857822289916
8,0.7354844209859189
9,0.7431650576035538
10,0.7290401399937446
11,0.7267507825197126
12,0.7184030894741349
13,0.7331262049119034
14,0.7229006931920757
15,0.7547371291258944
16,0.7607291159073868
17,0.7295363572146326
18,0.7562963275631447
19,0.7252899055523723
