epoch,train_loss
0,3.1256716358287453
1,3.0157461551272817
2,2.9807489153515596
3,2.9542172062022805
4,2.924756786748433
5,2.9108053526001663
6,2.893746284091419
7,2.8852432511847117
8,2.8705919216566556
9,2.8586015188105973
10,2.8521209853647003
11,2.8422060921587753
12,2.8314725647058188
13,2.821571183311565
14,2.8185137152137245
15,2.8109687262051843
16,2.8017338049251403
17,2.794818842892155
18,2.793737656332452
19,2.786813963689077
