epoch,train_acc
0,0.46366159539473684
1,0.5143785978618421
2,0.5350020559210527
3,0.5414782072368421
4,0.5581311677631579
5,0.5615876850328947
6,0.5789088199013158
7,0.5765702097039473
8,0.5727282072368421
9,0.5791401110197368
10,0.5723298725328947
11,0.5683079769736842
12,0.5778037623355263
13,0.5716488486842105
14,0.573473478618421
15,0.578870271381579
16,0.5832134046052632
17,0.5704923930921053
18,0.5734220805921053
19,0.572766755756579
