epoch,train_loss
0,2.4822177761479427
1,2.174341553135922
2,2.1742201478857743
3,2.1850682434282804
4,2.2103535125130103
5,2.2384483939722966
6,2.2719822055415104
7,2.3586129765761528
8,2.381384573484722
9,2.3724604531338342
10,2.4575898396341422
11,2.408810025767276
12,2.5193223576796684
13,2.491190345663773
14,2.57622440237748
15,2.5288597659060827
16,2.5164014665704024
17,2.6637412748838725
18,2.5620372922796952
19,2.5660547206276343
