epoch,train_reward
0,0.0734906407367242
1,0.06889054424276478
2,0.0564600423370537
3,0.04417511997254271
4,0.04574390481177129
5,0.04608710698391262
6,0.044839700978053246
7,0.04748122747007169
8,0.04956722161487529
9,0.04036368557104939
10,0.04208475880716976
11,0.047836305671616605
12,0.04366322989134412
13,0.049328153266718515
14,0.05005521915460888
15,0.04641877526515409
16,0.041182590060328185
17,0.05418774524801656
18,0.04155962306417917
19,0.04505530313441628
