epoch,train_loss
0,3.191036111430118
1,2.9845695621088932
2,2.9210053494102075
3,2.9387686001627067
4,2.9014347352479635
5,2.8933060043736507
6,2.8890216476038884
7,2.8572341642881693
8,2.8519171915556254
9,2.8659196276413765
10,2.862345858624107
11,2.8710991583372416
12,2.854167260621723
13,2.878504288823981
14,2.858587904980308
15,2.8587078420739425
16,2.829356268832558
17,2.834300919582969
18,2.8632800077137195
19,2.8360444621035925
