epoch,train_reward
0,0.036127524940591106
1,0.029754711020933956
2,0.03664783672674706
3,0.03505490622238109
4,0.035463698698501835
5,0.03825440934221996
6,0.03866806312611228
7,0.03913948910408899
8,0.03311277984788543
9,0.04690554345908918
10,0.04502331661550622
11,0.03879578048853498
12,0.0394178783815158
13,0.04271904928119559
14,0.037632506830911884
15,0.04063014382202374
16,0.03788544982671738
17,0.04805806553677509
18,0.05037100671937591
19,0.039959911649164404
