epoch,train_acc
0,0.28915244654605265
1,0.29984323601973684
2,0.30278577302631576
3,0.3017449629934211
4,0.30585680509868424
5,0.3091848273026316
6,0.3066663240131579
7,0.3133352179276316
8,0.3119089226973684
9,0.31436317845394735
10,0.31234580592105265
11,0.31719006990131576
12,0.3156481291118421
13,0.3124743009868421
14,0.3156995271381579
15,0.3167660361842105
16,0.3182822779605263
17,0.3136179070723684
18,0.3131296258223684
19,0.3167660361842105
