epoch,train_loss
0,3.0074483218945955
1,2.845865375117252
2,2.7856360485679224
3,2.7927522157367908
4,2.7450546339938513
5,2.7284006946965267
6,2.733562331450613
7,2.7116245094098543
8,2.693754033038491
9,2.681860321446469
10,2.697773393831755
11,2.6757738966690865
12,2.6661149451607153
13,2.672622003053364
14,2.661269451442518
15,2.6467272231453345
16,2.642707623933491
17,2.6595391976205924
18,2.6587110695086027
19,2.6466592236569055
