epoch,train_acc
0,0.675537109375
1,0.8243343955592105
2,0.8723530016447368
3,0.8999665912828947
4,0.9150647615131579
5,0.9244577508223685
6,0.9326814350328947
7,0.9385665090460527
8,0.9432565789473685
9,0.947766755756579
10,0.9506193462171053
11,0.9513774671052632
12,0.9527780633223685
13,0.9551166735197368
14,0.9567357113486842
15,0.9579050164473685
16,0.9588558799342105
17,0.9586502878289473
18,0.9580463610197368
19,0.958239103618421
