epoch,train_loss
0,1.3552889510204917
1,0.7007750272750854
2,0.5136728976902208
3,0.40901742954003184
4,0.35462624148318644
5,0.3216383833634226
6,0.28532425196547256
7,0.26188284472415324
8,0.24118160887768395
9,0.22196886962965914
10,0.20897531509399414
11,0.20570113627534165
12,0.19875360711624748
13,0.19032213327131772
14,0.18400267237111143
15,0.1781981736421585
16,0.17279495612571114
17,0.17402771585866025
18,0.17369313381220164
19,0.17321686917229703
