epoch,train_reward
0,0.0028851640190144905
1,0.0024045848189608045
2,0.002224764719262327
3,0.002159921097029981
4,0.00210710521787405
5,0.0021254037028962842
6,0.002078708187725983
7,0.0020089137527209366
8,0.0019936830503866076
9,0.001995410280008065
10,0.0019836324622462456
11,0.001953290211723039
12,0.001960570715661896
13,0.001980044370468118
14,0.0019803467071860246
15,0.0019817428393779615
16,0.0019648881800668804
17,0.001948782059020902
18,0.001950824853817099
19,0.0019766298478077118
