epoch,train_acc
0,0.6060412176724138
1,0.6594448747306034
2,0.6867872216235632
3,0.706109408674569
4,0.7103916913613506
5,0.7240425197557471
6,0.7194529566271551
7,0.7274969692887931
8,0.7416473037895115
9,0.747314453125
10,0.7410888671875
11,0.7431303879310345
12,0.7587020698635057
13,0.7531359442349138
14,0.7492661750179598
15,0.737811209141523
16,0.7384790880926724
17,0.7597024851831896
18,0.7495004938936781
19,0.7630727482938219
