epoch,train_loss
0,1.6274760701190467
1,1.450812245922527
2,1.4268593986829121
3,1.3732418678272729
4,1.3788217319839302
5,1.3424304408588628
6,1.3645633479644512
7,1.372082257407835
8,1.3446979248660735
9,1.3334764303832218
10,1.3948617200741822
11,1.3906935864481433
12,1.3200500956897079
13,1.377184628070086
14,1.3933756865304092
15,1.4432093932710846
16,1.451642949690764
17,1.36420336948044
18,1.4436536397057018
19,1.3892507964167102
