epoch,train_reward
0,0.9913537526267698
1,0.9920266421361902
2,0.9919739577962065
3,0.9918615889960322
4,0.9921200669359886
5,0.9923054051810297
6,0.9924206973492414
7,0.9921520903877828
8,0.9914611406709956
9,0.99166138761345
10,0.9917835391115868
11,0.9917465311357345
12,0.991520672008909
13,0.9914417129823532
14,0.9911333267716156
15,0.990952091655512
16,0.9918993057190687
17,0.9918449938982382
18,0.9911291575294802
19,0.9916791439741507
