epoch,train_loss
0,4.057644667625428
1,3.9472265958786013
2,3.952607765197754
3,3.956735887527466
4,3.9582746696472166
5,3.9673575925827027
6,3.9636609601974486
7,3.965063018798828
8,3.9780750036239625
9,3.9683479404449464
10,3.974329113960266
11,3.9561523389816284
12,3.961634135246277
13,3.961278953552246
14,3.9653252363204956
15,3.9504657983779907
16,3.973556056022644
17,3.9450544691085816
18,3.966551971435547
19,3.9592769527435303
