epoch,train_loss
0,0.9244988988870861
1,0.636713535278693
2,0.5400689963636727
3,0.47236598582788447
4,0.42647108298608627
5,0.3872310748730583
6,0.35771025391830796
7,0.3311058389044356
8,0.3130240481475304
9,0.29509033742307245
10,0.2827738069597332
11,0.2691115843153548
12,0.2622974620297037
13,0.2526563609811081
14,0.24424376852553467
15,0.23872051268130884
16,0.2336499023882822
17,0.22979885690856253
18,0.22353346209073888
19,0.2188703739780119
