epoch,train_acc
0,0.618125744464686
1,0.6979838144618834
2,0.7315591718049327
3,0.7528355346132287
4,0.7684298801849776
5,0.7808219328054933
6,0.7918739489910314
7,0.8003411399943946
8,0.8083277133548207
9,0.8151943052830718
10,0.8191224513032511
11,0.8236352210622198
12,0.827985960271861
13,0.8322940022421524
14,0.8371800991451793
15,0.8402543003783632
16,0.843785033632287
17,0.8461038221692825
18,0.8484795403587444
19,0.8510216683015696
