epoch,train_loss
0,1.7041078356883985
1,1.3316898206958856
2,1.1907932940085373
3,1.0978628843354536
4,1.0339351951274103
5,0.9815731061948254
6,0.9355070443965929
7,0.902351480161128
8,0.8682498432061063
9,0.840552166171138
10,0.8217183193818336
11,0.803948187240036
12,0.7852330159713334
13,0.7691157414774189
14,0.7494326268610932
15,0.732686031826943
16,0.7214474718132361
17,0.71155053056409
18,0.7013628151384704
19,0.6916964465727186
