epoch,train_reward
0,0.4219299264820167
1,0.40962486844426316
2,0.3946730878053759
3,0.38610533654957074
4,0.3803566119596028
5,0.37217688293200435
6,0.3659295775163334
7,0.364127453667166
8,0.3587249208726156
9,0.3571104740080812
10,0.35499480928006194
11,0.35269068108011253
12,0.3525560487546194
13,0.3470731830650381
14,0.34626639985182894
15,0.34385573797161806
16,0.34349384877179234
17,0.3420617524283884
18,0.34123466768606897
19,0.33946835767527866
