epoch,train_acc
0,0.21905838815789475
1,0.22999331825657895
2,0.23035310444078946
3,0.2326146175986842
4,0.23582699424342105
5,0.23293585526315788
6,0.22974917763157895
7,0.23431075246710525
8,0.23287160773026316
9,0.23365542763157895
10,0.23389956825657895
11,0.23592979029605263
12,0.23771587171052633
13,0.23283305921052633
14,0.23273026315789475
15,0.23509457236842105
16,0.23405376233552633
17,0.23658511513157895
18,0.23479903371710525
19,0.23396381578947367
