epoch,train_loss
0,3.8722598427220394
1,3.717897942191676
2,3.7278628725754586
3,3.698112738759894
4,3.687013588453594
5,3.6823909784618176
6,3.6896790956196033
7,3.687214123575311
8,3.680171590102346
9,3.6755979312093636
10,3.708299448615626
11,3.6759813961229826
12,3.6615198034989205
13,3.717170150656449
14,3.706279616606863
15,3.6792053046979403
16,3.6773709999887565
17,3.6643097024214897
18,3.6738780674181486
19,3.6817282250053003
