epoch,train_reward
0,0.0034431846028095798
1,0.0054851397749428685
2,0.005056501782842372
3,0.0051171189100530584
4,0.005325554477933206
5,0.007916271931638843
6,0.006352998683915327
7,0.005422320290419616
8,0.005941698376677539
9,0.006547694339563972
10,0.005593030443905215
11,0.004691131118881075
12,0.005126213801926688
13,0.005125376837033974
14,0.006201630752337606
15,0.00555798487345639
16,0.007751552241021081
17,0.006855741731430355
18,0.00633792532607913
19,0.0050023822113871574
