epoch,train_loss
0,4.201908659934998
1,4.116518640518189
2,4.115737056732177
3,4.130281686782837
4,4.143797025680542
5,4.16763445854187
6,4.15855131149292
7,4.171823587417602
8,4.180178022384643
9,4.178436822891236
10,4.192280292510986
11,4.171942977905274
12,4.188141250610352
13,4.188014554977417
14,4.194475536346435
15,4.18232349395752
16,4.209830627441407
17,4.193026723861695
18,4.2033553886413575
19,4.189319353103638
