epoch,train_reward
0,0.9878733372688293
1,0.9899182915687561
2,0.9940512371063233
3,0.9932856953144074
4,0.9947455978393555
5,0.9960064685344696
6,0.9967740917205811
7,0.9960849809646607
8,0.9969159948825836
9,0.9975983667373657
10,0.9975426256656647
11,0.9960199010372162
12,0.9960447156429291
13,0.996641892194748
14,0.9980547857284546
15,0.9976867258548736
16,0.9984741997718811
17,0.9978853213787079
18,0.9982038056850433
19,0.9977905678749085
