epoch,train_loss
0,2.955380582809448
1,2.7213537979125975
2,2.6809960842132567
3,2.6457263040542602
4,2.62297070980072
5,2.620535068511963
6,2.5927490186691284
7,2.5741602420806884
8,2.559395976066589
9,2.5483256435394286
10,2.5399444484710694
11,2.5329314994812013
12,2.5216226148605347
13,2.5103778076171874
14,2.508826847076416
15,2.505759482383728
16,2.497639241218567
17,2.4812189865112306
18,2.486189045906067
19,2.4772593355178834
