epoch,train_loss
0,3.894091794365331
1,3.7305492476413122
2,3.6883784720772193
3,3.649175430599012
4,3.6625892237613074
5,3.6915564913498726
6,3.6688507983559058
7,3.6541272213584497
8,3.6394742288087545
9,3.6552114863144722
10,3.658311680743569
11,3.6668805072182105
12,3.672394275665283
13,3.656953548130236
14,3.6683644746479236
15,3.6744125014857243
16,3.667579964587563
17,3.6621978659378853
18,3.6806642632735405
19,3.650513021569503
