epoch,train_loss
0,1.0315656349210456
1,0.7192195509329881
2,0.6263418421886935
3,0.5629056652288625
4,0.521435004649776
5,0.4881527649589104
6,0.4601899392829083
7,0.43947306776990985
8,0.4270301924483611
9,0.41409629140750015
10,0.4021206043734409
11,0.39464626380122536
12,0.38586249593460914
13,0.37734175466074804
14,0.36879090286127414
15,0.36507414842006003
16,0.3569276138107375
17,0.35539054885359095
18,0.3506221753535884
19,0.3481534030472878
