epoch,train_acc
0,0.22301603618421054
1,0.23211348684210525
2,0.23577559621710525
3,0.23796001233552633
4,0.23918071546052633
5,0.23514597039473684
6,0.23898797286184212
7,0.2433568050986842
8,0.24295847039473684
9,0.240234375
10,0.2448216488486842
11,0.24575966282894737
12,0.24426912006578946
13,0.24196905838815788
14,0.24356239720394737
15,0.24193050986842105
16,0.24182771381578946
17,0.24180201480263158
18,0.24234169407894737
19,0.24396073190789475
