epoch,train_loss
0,3.8291409015655518
1,3.7122723554310046
2,3.642875081614444
3,3.6148663947456763
4,3.5907822910108065
5,3.6049457474758753
6,3.582676147159777
7,3.5637686252593994
8,3.5523946410731266
9,3.5789197746076082
10,3.5627675181940983
11,3.5544681549072266
12,3.542477821048937
13,3.5628686076716374
14,3.570390400133635
15,3.562473987278185
16,3.564911516089188
17,3.5672758629447534
18,3.547183036804199
19,3.53467153248034
