epoch,train_reward
0,0.054941112861821524
1,0.0978920751888501
2,0.06842758918279096
3,0.12746983178352056
4,0.11503798985167553
5,0.10564651183391872
6,0.10914552368615803
7,0.11832143405550405
8,0.10050373524427414
9,0.12785739334006058
10,0.10949234860508066
11,0.10390281128255945
12,0.11492277681827545
13,0.13663821471364876
14,0.14208438208228663
15,0.10416603127592489
16,0.11562000744436916
17,0.16654665728932933
18,0.11898603839309592
19,0.07160611960448716
