epoch,train_loss
0,3.0588483668790003
1,3.0204108717417952
2,3.023077636662096
3,3.023424479040769
4,3.011568494362406
5,3.005717919604613
6,2.997059240199552
7,2.9963736132820054
8,2.990761185636615
9,2.992852498989294
10,2.9834859512820104
11,2.9798851367270593
12,2.9778748573643146
13,2.977041238605386
14,2.9720963865223498
15,2.9688358625563063
16,2.964681610022441
17,2.9694903191953603
18,2.9593119786517454
19,2.9570942798463427
