epoch,train_loss
0,3.4158768026452315
1,3.127064504121479
2,3.1049785237563285
3,3.1632995856435677
4,3.0832607620640804
5,3.0347359807867753
6,3.036998485264025
7,3.04935978588305
8,3.054588041807476
9,3.074920754683645
10,3.047938346862793
11,3.0163324883109643
12,2.9804698918995105
13,2.989560139806647
14,2.99419513501619
15,3.016912949712653
16,2.9804576070685136
17,2.956439030797858
18,2.998767375946045
19,2.985066238202547
