epoch,train_reward
0,0.05242574607071124
1,0.06933037230842992
2,0.11326336409700544
3,0.08120278641581535
4,0.03342830595609389
5,0.04255395941436291
6,0.0633060185140685
7,0.03599414209786214
8,0.060430667804260006
9,0.04647841118276119
10,0.08198528089805653
11,0.03964157647600299
12,0.053363003620975895
13,0.06476337776372307
14,0.055078577446310145
15,0.03486732991510316
16,0.04291401989758015
17,0.05238936665026765
18,0.08327295788024601
19,0.05762242780704247
