epoch,train_loss
0,3.9080192615098484
1,3.82638011705715
2,3.8044815662195863
3,3.791946149193118
4,3.7780054235672202
5,3.7660413686470067
6,3.760641854974721
7,3.7510815436530005
8,3.7409041120332454
9,3.7321977337379626
10,3.7311518609256487
11,3.7227233012160914
12,3.7267595556284814
13,3.716710640175995
14,3.71318562255312
15,3.7016628814919645
16,3.701057909850048
17,3.698803285846796
18,3.695302604025255
19,3.6922954646995785
