epoch,train_reward
0,0.3931540447232969
1,0.41858535630820576
2,0.4245869699080429
3,0.42439147255345844
4,0.4277004818745258
5,0.42870355347346834
6,0.4374075860720579
7,0.44265583037260936
8,0.4253970752115207
9,0.43941500676052453
10,0.4314853002404953
11,0.4595388826233389
12,0.4334513344572264
13,0.44509777025791564
14,0.45071328581715914
15,0.44233101232169453
16,0.4359423845605465
17,0.4432837006222507
18,0.43434494920910205
19,0.4238841329187556
