epoch,train_loss
0,2.9717643888373124
1,2.7413198947906494
2,2.667178881795783
3,2.6609133795688025
4,2.6289956318704704
5,2.6253661356474223
6,2.6171672469691227
7,2.5896924922340796
8,2.5674301825071635
9,2.5719539868204215
10,2.5729636769545707
11,2.568030959681461
12,2.553035535310444
13,2.5619032257481624
14,2.5388272812491968
15,2.540752385791979
16,2.526298246885601
17,2.5282420484643233
18,2.541016001450388
19,2.5234922986281547
