epoch,train_reward
0,0.028732639541359323
1,0.025303389681013005
2,0.02893245043723207
3,0.025588737016445713
4,0.02772032694989129
5,0.026542145660833308
6,0.0317134549351115
7,0.029672234466201382
8,0.02956520403294187
9,0.04213941577625902
10,0.03818348040314097
11,0.03358485481064571
12,0.03201579371173131
13,0.03217388767945139
14,0.029377690663463192
15,0.03191397211661464
16,0.030858049953454418
17,0.038317280674451275
18,0.037087177857756615
19,0.035485115000291875
