epoch,train_acc
0,0.2130822151765695
1,0.21145205647421525
2,0.2115199341367713
3,0.21127360390975336
4,0.21268918161434977
5,0.21321030689461884
6,0.21241219695908073
7,0.21251510825392378
8,0.2131730836603139
9,0.2141846797926009
10,0.2130022947029148
11,0.2139306859585202
12,0.21370844135369954
13,0.21381025784753363
14,0.21397557279988788
15,0.21445071643778027
16,0.21504190898262332
17,0.21533312605100896
18,0.21595059382006726
19,0.21559149908912556
