epoch,train_loss
0,4.174248107345649
1,4.215081909846832
2,4.246824166165339
3,4.258167604694452
4,4.263412154843454
5,4.274807699058088
6,4.28155069393962
7,4.294977429736355
8,4.288200688469035
9,4.286669181601349
10,4.29490928692668
11,4.289120920035871
12,4.305430865608523
13,4.291854698027196
14,4.297307880470036
15,4.292204465566729
16,4.2950808927082695
17,4.293095391962026
18,4.291521506459189
19,4.291289102870787
