epoch,train_reward
0,0.5119625263149963
1,0.5362425995781818
2,0.5775789349870297
3,0.5861574261712387
4,0.5817625835337447
5,0.6058633562695285
6,0.6039800237647086
7,0.6379557040774769
8,0.6143903489070088
9,0.606105666791377
10,0.6280963696171885
11,0.6111534376850043
12,0.6292487372197377
13,0.617960264329953
14,0.6193018766796642
15,0.6199841346975934
16,0.6236867722909012
17,0.6280325688588779
18,0.6185462424038771
19,0.6148482447515154
