epoch,train_acc
0,0.23921926398026316
1,0.24978155838815788
2,0.2508480674342105
3,0.24960166529605263
4,0.2549984580592105
5,0.2549856085526316
6,0.2559621710526316
7,0.25725997121710525
8,0.2566046463815789
9,0.2582236842105263
10,0.2589047080592105
11,0.2600354646381579
12,0.259033203125
13,0.2598941200657895
14,0.2612176192434211
15,0.25663034539473684
16,0.2589047080592105
17,0.2623740748355263
18,0.25981702302631576
19,0.2597399259868421
