epoch,train_loss
0,3.645262693103991
1,3.487995649638929
2,3.476177817896793
3,3.4656296278301038
4,3.4335755548979106
5,3.415132811194972
6,3.4270746331465873
7,3.4184461643821313
8,3.4080582166972913
9,3.4039493861951327
10,3.4097229179583097
11,3.3837760875099585
12,3.389798779236643
13,3.3820706041235673
14,3.3865660491742586
15,3.3809969299717952
16,3.381690313941554
17,3.355555220654136
18,3.3659793452212683
19,3.361262710470902
