epoch,train_reward
0,0.0024649860508936016
1,0.0026164178025761715
2,0.0034619261706738094
3,0.003835086477920413
4,0.004310963369023643
5,0.004312336653176891
6,0.004230359887802287
7,0.003781457492885621
8,0.0031749679290346408
9,0.0033987538864541996
10,0.0034909594411912715
11,0.0031309894310604584
12,0.0034603932382244813
13,0.003996199621867977
14,0.004065598777838443
15,0.003201432587382825
16,0.004082720775745417
17,0.003979923228096021
18,0.003037270207546259
19,0.0027111488345422244
