epoch,train_loss
0,3.7996677348488257
1,3.6696899062708805
2,3.6410044243461206
3,3.5837035806555497
4,3.586268111279136
5,3.5912351608276367
6,3.583699866345054
7,3.5667546422857987
8,3.5459644418013725
9,3.5646277603350187
10,3.5676132879759135
11,3.5496560523384497
12,3.5604769430662455
13,3.5552612229397424
14,3.5725257396698
15,3.545811188848395
16,3.556490320908396
17,3.57252247709977
18,3.577924188814665
19,3.5560480669925085
