epoch,train_reward
0,0.024893891164346746
1,0.030480121997626203
2,0.02662816388826621
3,0.029017567046378787
4,0.03983846963628342
5,0.028170378682644742
6,0.03524619860476569
7,0.043790591782645175
8,0.03854611368947908
9,0.03726544976234436
10,0.036431891353506794
11,0.033674467355012894
12,0.029505325285227674
13,0.031261366939074116
14,0.03370282495100247
15,0.03257952473665539
16,0.03232534906189693
17,0.033792195057398396
18,0.029619054574715465
19,0.027253979130795126
