epoch,train_loss
0,1.5764998030662536
1,1.056661946773529
2,0.9087702059745788
3,0.8101013314723968
4,0.737401534318924
5,0.6839505565166474
6,0.6433299458026887
7,0.60308926820755
8,0.5683440232276916
9,0.5497188085317611
10,0.5266618245840072
11,0.5025374764204025
12,0.48690835773944857
13,0.4663900589942932
14,0.4600003683567047
15,0.4485730940103531
16,0.4353748100996018
17,0.429480584859848
18,0.4217443931102753
19,0.41352877974510194
