epoch,train_loss
0,3.444970853027256
1,3.352781438279426
2,3.3230990856543356
3,3.3404225412456467
4,3.330577368023752
5,3.3423776612884697
6,3.3552557038164688
7,3.3279464025607055
8,3.320906966582112
9,3.307347423728855
10,3.285052902397068
11,3.2765049208169694
12,3.293395162998945
13,3.29464144953366
14,3.2950992871975076
15,3.243829203748155
16,3.25507949275532
17,3.2277474280061393
18,3.2475497955563424
19,3.2710520947116546
