epoch,train_acc
0,0.20601613898026316
1,0.21092465049342105
2,0.21376439144736842
3,0.21598735608552633
4,0.21958521792763158
5,0.2175806949013158
6,0.21519068667763158
7,0.22293893914473684
8,0.21819747121710525
9,0.21322471217105263
10,0.21905838815789475
11,0.21958521792763158
12,0.2236328125
13,0.22160259046052633
14,0.2205103824013158
15,0.22442948190789475
16,0.22090871710526316
17,0.22116570723684212
18,0.21952097039473684
19,0.22034333881578946
