epoch,train_loss
0,4.0384096597370345
1,3.901907569483707
2,3.824016960043656
3,3.812532199056525
4,3.79905851263749
5,3.809330526151155
6,3.8091050700137488
7,3.7688746201364616
8,3.810892192940963
9,3.849994044554861
10,3.8090156128532007
11,3.8045214351854826
12,3.801611636814318
13,3.805280384264494
14,3.824505454615543
15,3.7979317087876168
16,3.8112148360202185
17,3.810082222286024
18,3.8222652234529195
19,3.7990827058490955
