epoch,train_reward
0,0.030020883110793012
1,0.04207210208436376
2,0.057319586998537966
3,0.052074790589119256
4,0.08527653438872412
5,0.06931486608166444
6,0.04871868499015507
7,0.02708677021100333
8,0.053431540531547445
9,0.04913648737496451
10,0.06041262141968075
11,0.08457642048597336
12,0.06439311920027983
13,0.054958457421315346
14,0.06484083027431839
15,0.05758389281599145
16,0.05296060737026365
17,0.05372609590229235
18,0.059485763115318196
19,0.07824409635443437
