epoch,train_reward
0,0.07284643403009365
1,0.06312462648278788
2,0.058034062777694906
3,0.06995152368357307
4,0.06581028080300282
5,0.059359750857478695
6,0.05906058593015922
7,0.05367194900387212
8,0.04860046407894084
9,0.04477486563356299
10,0.04630983071891885
11,0.048924266507751064
12,0.04667827408564718
13,0.04698696359992027
14,0.04413621460920886
15,0.04751166348394595
16,0.04747651125255384
17,0.04805496648738259
18,0.047263485428534056
19,0.050124455831552804
