epoch,train_acc
0,0.30330476632567266
1,0.3099118904147982
2,0.3139024400924888
3,0.31657484935538116
4,0.3199150872337444
5,0.3208423836883408
6,0.3214707994674888
7,0.3222174537556054
8,0.32333743518778024
9,0.32448807104820626
10,0.323694340316704
11,0.3238903096973094
12,0.3257284805913677
13,0.3255587864349776
14,0.3255992940723094
15,0.3264784192825112
16,0.32656819296524664
17,0.32828374614630046
18,0.3273761561098655
19,0.327775758478139
