epoch,train_loss
0,2.9638056327409275
1,2.841022296871305
2,2.797886170613926
3,2.7694762351801576
4,2.73748908769924
5,2.7230659044376937
6,2.7060661091398233
7,2.6953497029206144
8,2.67760769027231
9,2.666408902326507
10,2.659561238481325
11,2.6501518525350254
12,2.6417701361959827
13,2.632907707060399
14,2.6282308999733006
15,2.624491816678924
16,2.617198485430046
17,2.611510000955898
18,2.611334490669148
19,2.6069323375086078
