epoch,train_loss
0,1.052729554695658
1,0.7376483371942351
2,0.6315381178761473
3,0.5711814849683554
4,0.5286966417685594
5,0.49771832682118555
6,0.47216244558296583
7,0.45202996530155143
8,0.4344596915906019
9,0.4211566173794246
10,0.40869107104764124
11,0.40053360075643746
12,0.3899021305070065
13,0.38253121771434745
14,0.37654952321312213
15,0.37130351526902455
16,0.3655781818203407
17,0.3603093587230928
18,0.3534729986792744
19,0.35285447508391765
