epoch,train_loss
0,2.7846993491201117
1,2.6875156010731613
2,2.6555930482278955
3,2.635212018938348
4,2.61629850439506
5,2.5984902629757873
6,2.585451401106202
7,2.5780373091744906
8,2.5616997515801154
9,2.558831044943026
10,2.5489601486980327
11,2.542940068953108
12,2.537289633609281
13,2.529791455457706
14,2.524676973276799
15,2.5182212638382864
16,2.5139495736301534
17,2.512428972980764
18,2.504047463435938
19,2.5026090027082084
