epoch,train_acc
0,0.521008943256579
1,0.6407920435855263
2,0.6906224300986842
3,0.725084806743421
4,0.7632092927631579
5,0.7884071751644737
6,0.8196571751644737
7,0.827868009868421
8,0.8345112047697368
9,0.830823396381579
10,0.8282149465460527
11,0.8252210115131579
12,0.8242958470394737
13,0.8395739103618421
14,0.8468210320723685
15,0.85986328125
16,0.8615337171052632
17,0.87353515625
18,0.8877467105263158
19,0.8965743215460527
