epoch,train_loss
0,2.0636796449360095
1,1.4410466959601955
2,1.245769042717783
3,1.0733964443206787
4,0.9369729474971169
5,0.8396453575084084
6,0.7287763639500267
7,0.7042812642298246
8,0.6757638956371107
9,0.672115821587412
10,0.679457708408958
11,0.7116002879644695
12,0.7013848580812153
13,0.6332685696451288
14,0.596514576359799
15,0.5472893087487471
16,0.5493637590031875
17,0.508706133616598
18,0.45957717613170024
19,0.43063142111426905
