epoch,train_reward
0,0.05762889383262709
1,0.06009622957361372
2,0.03954854333087018
3,0.047433725901340186
4,0.046461567870880426
5,0.03903083532656494
6,0.033988511679988155
7,0.029958504791322508
8,0.029772113322427397
9,0.028350573131128362
10,0.02929590436580934
11,0.03113937907313046
12,0.027328397539493284
13,0.026843980150787455
14,0.026191291154215212
15,0.023504692080773805
16,0.025504917298492632
17,0.023448509311205464
18,0.02093934061888017
19,0.018935067726201134
