epoch,train_loss
0,3.2474112109382554
1,3.236859179959439
2,3.241782551944846
3,3.2582339957208917
4,3.253027558326721
5,3.2520671421938605
6,3.2486767402969963
7,3.249140704032218
8,3.246549894314001
9,3.2542967076348788
10,3.2423603511092685
11,3.245113970029472
12,3.2495203867997273
13,3.2410882074053924
14,3.2386504966433685
15,3.2324686900223836
16,3.231129818623609
17,3.228969654234329
18,3.2249653693472986
19,3.229523266896163
