epoch,train_reward
0,0.7629295097719325
1,0.793513027158114
2,0.7969004266923017
3,0.8118408071522666
4,0.8143458705727417
5,0.8279674631534236
6,0.8266054489234886
7,0.8237586443377013
8,0.8317102046296148
9,0.8236803577678038
10,0.8318216511518648
11,0.8320566619386768
12,0.8406452005452448
13,0.8311744090354088
14,0.8437662213155539
15,0.8413472975244617
16,0.8398440506788764
17,0.848546979155871
18,0.8424542366278054
19,0.8496624694602324
