epoch,train_acc
0,0.5199681332236842
1,0.6311549136513158
2,0.6938862047697368
3,0.7189041940789473
4,0.7601511101973685
5,0.7740542763157895
6,0.8021304481907895
7,0.7925061677631579
8,0.7987124794407895
9,0.8227025082236842
10,0.8370168585526315
11,0.8424907483552632
12,0.8557514391447368
13,0.8653371710526315
14,0.8699244449013158
15,0.8702071340460527
16,0.869153474506579
17,0.8620219983552632
18,0.8592465049342105
19,0.8644762541118421
