epoch,train_loss
0,2.0790797660225318
1,1.4968793643148322
2,1.2293815487309505
3,1.1049104489778216
4,0.9574387606821562
5,0.9013476089427346
6,0.7951746143792805
7,0.8234838623749582
8,0.811624636775569
9,0.7223937009510241
10,0.6558328772846022
11,0.6300459347273174
12,0.5780217051506042
13,0.5416275498114134
14,0.5244988422644766
15,0.5221838527604153
16,0.5306486220736253
17,0.5499969454188096
18,0.5743869511704696
19,0.5573698501837882
