epoch,train_reward
0,0.05231583961530736
1,0.05885869931233557
2,0.042810295757494475
3,0.04241377311317544
4,0.03559939524060801
5,0.04105062125936935
6,0.0344968334232506
7,0.03571025644870181
8,0.036009248640192185
9,0.028936833045200297
10,0.0274502442855584
11,0.026403757008282763
12,0.027037011851605616
13,0.025719830276150452
14,0.0225994473225192
15,0.022797317979367154
16,0.029654624234688908
17,0.026799800952798443
18,0.022000499657894437
19,0.026672591210195894
