epoch,train_loss
0,3.4947815418243406
1,3.388130612373352
2,3.375168652534485
3,3.379645676612854
4,3.37962082862854
5,3.3956155347824097
6,3.3768633365631104
7,3.388465013504028
8,3.3776611328125
9,3.4007026243209837
10,3.3866500091552734
11,3.3865125370025635
12,3.3785019588470457
13,3.401604566574097
14,3.3869697856903076
15,3.4050063943862914
16,3.414280819892883
17,3.393119702339172
18,3.4025416564941406
19,3.397980408668518
