epoch,train_acc
0,0.2823338529988789
1,0.2877969100336323
2,0.2910824078615471
3,0.2943208292460762
4,0.29718263908352016
5,0.296875
6,0.298758057735426
7,0.29832013733183854
8,0.29992073640695066
9,0.30113924992993274
10,0.30011232658352016
11,0.30008824096132286
12,0.3016592804091928
13,0.30248147596692826
14,0.30311865015414796
15,0.3023796594730942
16,0.304269286014574
17,0.30468859480100896
18,0.30520862528026904
19,0.3044367905689462
