epoch,train_loss
0,3.2063199832300433
1,3.110125803626706
2,3.074760129098935
3,3.0466155182620334
4,3.0254800223448886
5,3.014864834969354
6,2.99988950207629
7,2.9917979283183147
8,2.9803518062215213
9,2.9640250526736134
10,2.960341341292377
11,2.953621081707189
12,2.9423720793873738
13,2.933317242181889
14,2.9282892733945975
15,2.9230266825500624
16,2.911311026645883
17,2.9094420206386413
18,2.904883993046166
19,2.9001821060351727
