epoch,train_acc
0,0.282784911014574
1,0.28722542390695066
2,0.2894883775924888
3,0.29092037731221976
4,0.29374824831838564
5,0.29204911715246634
6,0.294154419492713
7,0.29407997302410316
8,0.2952141868693946
9,0.2963900031530269
10,0.2952634529147982
11,0.2956958993133408
12,0.29707206418161436
13,0.2967764679091928
14,0.2979774646160314
15,0.2970326513452915
16,0.2976052322729821
17,0.29962623493553814
18,0.2986124492012332
19,0.2992857518217489
