epoch,train_loss
0,3.2315566871198302
1,3.176383963614836
2,3.162926432263156
3,3.15561678270588
4,3.144423153368347
5,3.145210804960653
6,3.1339577848066664
7,3.1349090909744057
8,3.128029109116627
9,3.115975935897485
10,3.119117166963928
11,3.1169018702656697
12,3.1048335173739448
13,3.1052578062220006
14,3.097481307427445
15,3.1011406904913383
16,3.094985546017976
17,3.092270776295341
18,3.0917621760090372
19,3.0892895294411833
