epoch,train_reward
0,0.4450631114934057
1,0.4723822550656015
2,0.48122009274136324
3,0.4912439485836457
4,0.49962118027456137
5,0.5133184580792226
6,0.505151102895694
7,0.5176799005991675
8,0.5233133594284143
9,0.5188486696358754
10,0.5163380676053565
11,0.531152019051693
12,0.5255962195952377
13,0.5335914654314785
14,0.5393469739922494
15,0.5355396131763543
16,0.5300270139903765
17,0.5222792975571123
18,0.5216150966727681
19,0.5326620721228988
