epoch,train_acc
0,0.24730160361842105
1,0.25616776315789475
2,0.2580309416118421
3,0.25128495065789475
4,0.25557668585526316
5,0.26299085115131576
6,0.2585192228618421
7,0.25630910773026316
8,0.2557308799342105
9,0.25945723684210525
10,0.25310958059210525
11,0.2559364720394737
12,0.2545230263157895
13,0.25028268914473684
14,0.2600354646381579
15,0.26128186677631576
16,0.26425010279605265
17,0.2591359991776316
18,0.25603926809210525
19,0.2674753289473684
