epoch,train_loss
0,3.552587910702354
1,3.3981266900112757
2,3.401398545817325
3,3.4659900163349353
4,3.400841336501272
5,3.3377097029435006
6,3.356147151244314
7,3.4155103030957674
8,3.383083607021131
9,3.3802176274751363
10,3.400905960484555
11,3.4038286209106445
12,3.4101618842074743
13,3.4458385266755758
14,3.3784803214826082
15,3.364767451035349
16,3.3578249906238757
17,3.351894027308414
18,3.382767363598472
19,3.3250780482041207
