epoch,train_acc
0,0.299560546875
1,0.3156609786184211
2,0.3199013157894737
3,0.3184750205592105
4,0.32244551809210525
5,0.3259020353618421
6,0.3242958470394737
7,0.32830489309210525
8,0.3282277960526316
9,0.3283434416118421
10,0.328857421875
11,0.3304250616776316
12,0.33047645970394735
13,0.33023231907894735
14,0.3318642064144737
15,0.3328407689144737
16,0.33251953125
17,0.33272512335526316
18,0.33101613898026316
19,0.33476819490131576
