epoch,train_loss
0,2.9099910761180676
1,2.702832824305484
2,2.6244476845389917
3,2.6171718647605493
4,2.5783767700195312
5,2.5714211589411686
6,2.5692969874331824
7,2.5463730034075285
8,2.5325204824146472
9,2.523872915067171
10,2.523131345447741
11,2.5177740799753288
12,2.504958755091617
13,2.506442559392829
14,2.4892362418927645
15,2.486189754385697
16,2.4822160695728503
17,2.4829766750335693
18,2.489209902913947
19,2.478478983828896
