epoch,train_acc
0,0.5467250122617713
1,0.5812386140695067
2,0.58335814882287
3,0.5847573045123319
4,0.584156258758408
5,0.5850737020039237
6,0.5840117450252242
7,0.583285891956278
8,0.5823936291339686
9,0.5815002715106502
10,0.5801558558716368
11,0.5806923083660314
12,0.5788826022982063
13,0.5791059417040358
14,0.5792843942684978
15,0.5802697151765696
16,0.578997556404148
17,0.5761302725616592
18,0.5739625665639013
19,0.5737895880044843
