epoch,train_loss
0,2.158470616746911
1,2.1810072890311614
2,2.385925636163207
3,2.559175880500554
4,2.7090474532858675
5,2.7706951442855354
6,2.8844143553165043
7,2.9395961098606813
8,2.9914036053713127
9,3.0307333672527776
10,3.0521020921356476
11,3.0882572347273207
12,3.1601198467973104
13,3.120671535286668
14,3.1762922537166443
15,3.2150936490217132
16,3.2182182078938846
17,3.242023245636123
18,3.3321945945243665
19,3.407119788396519
