epoch,train_reward
0,0.5390792481033256
1,0.5446681635529471
2,0.5444167619863434
3,0.5432929917835868
4,0.5435803704999488
5,0.540248079551175
6,0.5434543109528153
7,0.5444502767693301
8,0.5424241086827265
9,0.5484751998843633
10,0.542865468247589
11,0.5452758913082927
12,0.550802437045649
13,0.5464455121835785
14,0.5490057048776225
15,0.5445097687533084
16,0.541506232702144
17,0.5497801151510846
18,0.5454113134621504
19,0.5438369030107831
