epoch,train_acc
0,0.2747414080016816
1,0.278599486757287
2,0.28137809171804934
3,0.28348010965526904
4,0.2862543354119955
5,0.2866002925308296
6,0.28779253082959644
7,0.2872100966928251
8,0.2882534420543722
9,0.2902186098654709
10,0.288260010860426
11,0.2886541392236547
12,0.2895584448570628
13,0.29053829176008966
14,0.2916615575952915
15,0.29097621216367714
16,0.2926304564882287
17,0.2928570802970852
18,0.2923896002662556
19,0.2928045298486547
