epoch,train_loss
0,3.294286457412446
1,3.20885616353809
2,3.1854696658694692
3,3.1716318322938655
4,3.152454118557575
5,3.1463052349774827
6,3.1312596872783027
7,3.130003908824493
8,3.1154032117048187
9,3.1051793301586614
10,3.100318478896479
11,3.0979249594992053
12,3.0864634492472147
13,3.0796994018982344
14,3.0717595970684104
15,3.0696797670270297
16,3.0579705847753003
17,3.058025200805322
18,3.056424498023474
19,3.058344690254451
