epoch,train_reward
0,0.4001430561724265
1,0.42936941099273784
2,0.435521525786062
3,0.4354042333337758
4,0.43603425215712577
5,0.44372862403702845
6,0.4425118883629016
7,0.4389318114171648
8,0.447481325789952
9,0.44749588883511154
10,0.4503455303709603
11,0.4467037103635848
12,0.4316704481706491
13,0.4356265225752587
14,0.4451559918343754
15,0.4543951674961723
16,0.43236565469626353
17,0.4494202346812449
18,0.4448581939320928
19,0.45523314345043336
