epoch,train_acc
0,0.21707956414473684
1,0.22341437088815788
2,0.22761615953947367
3,0.22762900904605263
4,0.23063579358552633
5,0.22843852796052633
6,0.2273463199013158
7,0.22696083470394737
8,0.22996761924342105
9,0.22996761924342105
10,0.22933799342105263
11,0.2272435238486842
12,0.22991622121710525
13,0.23130396792763158
14,0.23375822368421054
15,0.2311497738486842
16,0.22977487664473684
17,0.23073858963815788
18,0.22376130756578946
19,0.22839997944078946
