epoch,train_loss
0,3.9435584921585884
1,3.8136077554602372
2,3.7740920844830965
3,3.7472008654945776
4,3.741874933242798
5,3.748193778489765
6,3.759431324507061
7,3.757201395536724
8,3.7446591979578923
9,3.7405233759629097
10,3.7830718692980314
11,3.7827504057633248
12,3.759931125138935
13,3.7587887613396895
14,3.7405584109456917
15,3.741403755388762
16,3.746110589880692
17,3.7617050848509135
18,3.782876780158595
19,3.7734522443068657
