epoch,train_reward
0,0.015184065670167146
1,0.019859657377788897
2,0.016567903668864778
3,0.019592830960295703
4,0.01919353802345301
5,0.01537189265026858
6,0.017373035857944114
7,0.019973742726602052
8,0.02133491752963317
9,0.02047330366545602
10,0.019431346684302155
11,0.019820987099879665
12,0.021969188789003773
13,0.021060037083531682
14,0.020550648485751527
15,0.020726565663751802
16,0.021551188081502914
17,0.020375329903081843
18,0.022240576579382543
19,0.01957562928529162
