epoch,train_acc
0,0.5014404296875
1,0.5550390625
2,0.562978515625
3,0.565498046875
4,0.571640625
5,0.5718603515625
6,0.5722021484375
7,0.5736474609375
8,0.5718359375
9,0.57384765625
10,0.5701708984375
11,0.5714501953125
12,0.5666357421875
13,0.57119140625
14,0.573369140625
15,0.5729541015625
16,0.57162109375
17,0.57162109375
18,0.5711767578125
19,0.5672802734375
