epoch,train_loss
0,2.368814396858215
1,2.1717045640945436
2,2.29095721244812
3,2.4054217672348024
4,2.4547705268859863
5,2.553048882484436
6,2.6233436393737795
7,2.708202667236328
8,2.7909275245666505
9,2.815727572441101
10,2.8913255739212036
11,2.848886113166809
12,2.905419611930847
13,3.0393334007263184
14,3.007699236869812
15,3.037998194694519
16,3.080947632789612
17,3.132591462135315
18,3.102867116928101
19,3.128569836616516
