epoch,train_reward
0,0.48464208662509917
1,0.48656236469745634
2,0.47283804714679717
3,0.4822660225629807
4,0.4771734344959259
5,0.4859373080730438
6,0.4760866564512253
7,0.46769707798957827
8,0.4794871658086777
9,0.47131770312786103
10,0.44476734042167665
11,0.452135226726532
12,0.451017342209816
13,0.45839362740516665
14,0.4355055695772171
15,0.4451047283411026
16,0.43831281244754794
17,0.432872576713562
18,0.44653120696544646
19,0.43799742341041564
