epoch,train_acc
0,0.47873801051980197
1,0.48275303604579206
2,0.47856396967821785
3,0.47247737469059403
4,0.4740739576887376
5,0.47019308864480197
6,0.4654698135829208
7,0.464998452970297
8,0.4640641920637376
9,0.45717024094987624
10,0.45436020652846537
11,0.4526947323638614
12,0.45674843363242573
13,0.46040087407178215
14,0.45615621132425743
15,0.4451022006497525
16,0.44134944500309403
17,0.4419791344368812
18,0.4392996306466584
19,0.4452895362778465
