epoch,train_loss
0,2.398193848015058
1,2.5855771751687078
2,2.7869425622543487
3,3.002695471933573
4,3.1109211374037335
5,3.251668860416601
6,3.2654232660142504
7,3.3246474372278345
8,3.4107394973830423
9,3.4869705391402293
10,3.569512934968023
11,3.485122602764923
12,3.6126952218537283
13,3.6211538586286034
14,3.6739077721491897
15,3.846315885534381
16,3.7541818370913513
17,3.7972085263469433
18,3.9517953242405808
19,3.852400568452212
