epoch,train_loss
0,3.3178610801696777
1,3.2075445222854615
2,3.1860179328918456
3,3.1664840269088743
4,3.1677337312698364
5,3.1832026386260988
6,3.17033447265625
7,3.157323956489563
8,3.160288724899292
9,3.1584144020080567
10,3.1582930421829225
11,3.157309303283691
12,3.14716281414032
13,3.144938440322876
14,3.1515014600753783
15,3.153570280075073
16,3.1433783197402954
17,3.132167057991028
18,3.12988187789917
19,3.120535454750061
