epoch,train_loss
0,1.0327839535651822
1,0.7176603542105986
2,0.6122222376046794
3,0.546190556765783
4,0.5069148918189624
5,0.47487775996179865
6,0.45099811403468104
7,0.4299031634732048
8,0.4156812135830964
9,0.3976407827127098
10,0.3849975261652824
11,0.3738048179905013
12,0.36661142361636206
13,0.35638317067434294
14,0.35078983687528287
15,0.3457411924506178
16,0.3418654823067165
17,0.33746585928567563
18,0.33172906359823623
19,0.3266151461860921
