epoch,train_loss
0,3.038677981025294
1,2.869075335954365
2,2.798107887569227
3,2.7968511455937435
4,2.769107304121319
5,2.7457590228632878
6,2.7625103122309635
7,2.7338552851425972
8,2.7145937242006
9,2.730043750060232
10,2.7232726498654016
11,2.7201968619697974
12,2.707934492512753
13,2.712242427625154
14,2.6923094172226754
15,2.687074159321032
16,2.666948996092144
17,2.6853621131495427
18,2.686669199090255
19,2.68499073229338
