epoch,train_reward
0,0.011328500720035089
1,0.01528067911337865
2,0.012591253573957243
3,0.012257386783235952
4,0.013702497523474065
5,0.010448423165239785
6,0.011075655537608423
7,0.01242013942254217
8,0.014637502351481663
9,0.013216804811044744
10,0.012655108922014111
11,0.01420423986488267
12,0.01432390555151199
13,0.014964749448393521
14,0.012820582640798469
15,0.015057284924152651
16,0.015445908923682413
17,0.012698389001582799
18,0.014127128071298725
19,0.0109439450561216
