epoch,train_loss
0,4.308346943855286
1,4.2278642654418945
2,4.233426599502564
3,4.261321935653687
4,4.30059061050415
5,4.317882404327393
6,4.33608413696289
7,4.357491245269776
8,4.366856374740601
9,4.367832841873169
10,4.40285403251648
11,4.399533233642578
12,4.411924915313721
13,4.417038021087646
14,4.442590970993042
15,4.441905736923218
16,4.483103609085083
17,4.463249006271362
18,4.470003099441528
19,4.497490243911743
