epoch,train_acc
0,0.2539013671875
1,0.2618359375
2,0.25974609375
3,0.26001953125
4,0.261591796875
5,0.2584716796875
6,0.26375
7,0.262587890625
8,0.265205078125
9,0.26484375
10,0.2654833984375
11,0.2677685546875
12,0.265576171875
13,0.2675244140625
14,0.2638427734375
15,0.2660888671875
16,0.2662548828125
17,0.2714111328125
18,0.26451171875
19,0.2677783203125
