epoch,train_loss
0,3.481067304611206
1,3.293958110809326
2,3.2879598808288573
3,3.284927282333374
4,3.2897506380081176
5,3.3146693468093873
6,3.273363542556763
7,3.2977767848968504
8,3.265843892097473
9,3.268972454071045
10,3.2702084493637087
11,3.255570888519287
12,3.2579279375076293
13,3.2595546197891236
14,3.2675868129730223
15,3.2618321657180784
16,3.2535162353515625
17,3.233619089126587
18,3.2572923564910887
19,3.25146767616272
