epoch,train_loss
0,1.934031923790149
1,1.5882077265213423
2,1.4659505050813135
3,1.3949724767240173
4,1.3279256633578929
5,1.2702260942202512
6,1.2264627571063191
7,1.1967211870869179
8,1.1731788107097951
9,1.1393865921572184
10,1.1094748751999552
11,1.1093703307913023
12,1.0900850130303559
13,1.0578675288790544
14,1.0361902556077247
15,1.0192373194502073
16,1.0089613642927777
17,0.9937326683591834
18,0.9783473562766618
19,0.9700284482652296
