epoch,train_reward
0,0.37127954435989996
1,0.35412031465581717
2,0.32972992522299555
3,0.3281681599103816
4,0.30913014035053854
5,0.3059306137364007
6,0.30121523990492116
7,0.29495694859145466
8,0.2879515360422733
9,0.27918230130800753
10,0.27534742372720233
11,0.27506241723560965
12,0.27818299282024794
13,0.26906492216971956
14,0.2667200667574801
15,0.2618838634191607
16,0.26214422806763327
17,0.26258836860346685
18,0.2590402161593929
19,0.25915771214951316
