epoch,train_acc
0,0.21140040029393564
1,0.21084685372834158
2,0.20973855198019803
3,0.2107404954362624
4,0.21096046372215346
5,0.21096529818997525
6,0.21094596031868812
7,0.2109749671256188
8,0.21239509204826731
9,0.21242772470606436
10,0.2138248859065594
11,0.21382609452351486
12,0.21384784962871287
13,0.2139493734529703
14,0.21399892674814355
15,0.21487154818997525
16,0.2154275119894802
17,0.21522204710705445
18,0.21401222153465346
19,0.21527160040222773
