epoch,train_loss
0,3.945139746854801
1,3.974539082829315
2,4.0038256031451835
3,4.006566382870815
4,4.018014559651365
5,4.018916994038195
6,4.030239540751618
7,4.029821798352912
8,4.030130315535139
9,4.026808526256297
10,4.028351164100194
11,4.027519751303267
12,4.027936673400426
13,4.030359711977515
14,4.035838749149058
15,4.033281061908986
16,4.024894575081249
17,4.0255922161706605
18,4.0309655973226715
19,4.029501599840598
