epoch,train_acc
0,0.22285221938060537
1,0.22529691003363228
2,0.22595379063901344
3,0.22571402921804934
4,0.22680226142096413
5,0.22814339265695066
6,0.22730368028307174
7,0.22778758232903587
8,0.22841271370515695
9,0.22892617537836324
10,0.22804267096412556
11,0.22742629799607622
12,0.2285429950252242
13,0.2283722060678251
14,0.22890865856221973
15,0.23037897631726456
16,0.23043809557174888
17,0.2296180896160314
18,0.2308420771440583
19,0.23018848094170405
