epoch,train_loss
0,4.0418926472086545
1,4.019105841760678
2,4.030605627282318
3,4.036439271251182
4,4.040383836079071
5,4.036968911175236
6,4.04343828812843
7,4.041943025161332
8,4.036629703547388
9,4.033954095412797
10,4.0370427546479775
11,4.036793153916774
12,4.043563533791512
13,4.035281527737331
14,4.031739533214826
15,4.025479724054379
16,4.024556843154634
17,4.024262100057217
18,4.020738522568091
19,4.023109255350224
