epoch,train_reward
0,0.4438561422942465
1,0.48102281419685605
2,0.495159657814043
3,0.4952980119551244
4,0.4974997201308007
5,0.5051702240924664
6,0.5288567569758326
7,0.5188293875332906
8,0.5039423455571914
9,0.5104603228814933
10,0.5065003013397011
11,0.5444623766458623
12,0.5173684405371747
13,0.5211235017519895
14,0.5292378861807921
15,0.5212134963461101
16,0.5014661801770129
17,0.5143493403233754
18,0.5086953757589708
19,0.5133959230018839
