epoch,train_acc
0,0.6210499579596412
1,0.7028950917881166
2,0.7344647736827354
3,0.754149295823991
4,0.7688809382006726
5,0.7813857553251121
6,0.7932085114209642
7,0.8007254151485426
8,0.8086178356221974
9,0.8139845501681614
10,0.8194202371776906
11,0.8255741136491032
12,0.8297529691003364
13,0.8337697940022422
14,0.8361641238088565
15,0.8389044107343049
16,0.8418395722393498
17,0.8432912783772422
18,0.8470365926289237
19,0.848560555633408
