epoch,train_reward
0,0.4229744834482937
1,0.41541568059557754
2,0.41174582194854326
3,0.40286876989587006
4,0.40188929719240674
5,0.3957531055260132
6,0.39006295613109265
7,0.38920203880344273
8,0.38343873339383594
9,0.3794529560970084
10,0.3809412966394638
11,0.37576245727025875
12,0.3758396235014826
13,0.3711614352170662
14,0.37113884732862223
15,0.3687488621125841
16,0.3686847816400998
17,0.36745462863969164
18,0.36407255765568514
19,0.3634354021784436
