epoch,train_loss
0,3.993876343885345
1,3.9397904017581
2,3.919235579101494
3,3.901657641201276
4,3.8921135797628907
5,3.8823442384266533
6,3.883325169439273
7,3.8684016246966717
8,3.8624089010093243
9,3.853366145104036
10,3.8456877956475912
11,3.8391892129530287
12,3.836677499950734
13,3.8283313785433233
14,3.8261910906821623
15,3.813836325444448
16,3.8100952588923844
17,3.8061846649700217
18,3.802181949529947
19,3.7967387977736946
