epoch,train_reward
0,0.460198449447016
1,0.4617578706666493
2,0.49425884145792287
3,0.4776481474194291
4,0.4844361701353783
5,0.48785970430203085
6,0.49057411091744635
7,0.4764495608250656
8,0.4974796276188752
9,0.49027666369361195
10,0.4941683046753631
11,0.4800809393281894
12,0.48635118999288757
13,0.4818215753732775
14,0.5145225659881472
15,0.5011308833355327
16,0.5084412251620015
17,0.5149314168322782
18,0.49114901388707183
19,0.5150433431291794
