epoch,train_acc
0,0.2608449835526316
1,0.26959549753289475
2,0.27422131990131576
3,0.26739823190789475
4,0.2694027549342105
5,0.2698781866776316
6,0.2702508223684211
7,0.27117598684210525
8,0.2745554070723684
9,0.2754934210526316
10,0.27323190789473684
11,0.2728207236842105
12,0.2747738486842105
13,0.2695440995065789
14,0.27361739309210525
15,0.2775107935855263
16,0.2755576685855263
17,0.2662803248355263
18,0.2689273231907895
19,0.2752492804276316
