epoch,train_loss
0,3.3459690244574296
1,3.22460863464757
2,3.1707476440228914
3,3.180606616170783
4,3.1615775635367944
5,3.153499164079365
6,3.1324903839512874
7,3.1287444892682528
8,3.1284841236315275
9,3.123321006172582
10,3.144683524181968
11,3.1338611652976587
12,3.097898056632594
13,3.151287267082616
14,3.1407799846247624
15,3.101542259517469
16,3.1167992541664526
17,3.17899153107091
18,3.1500965921502364
19,3.1102690571232845
