epoch,train_reward
0,0.005140679030630149
1,0.00569223813516529
2,0.006854229802755933
3,0.006859057386846919
4,0.007555559718687283
5,0.007658221562834163
6,0.006895072120977075
7,0.006934813983542354
8,0.007870015590206572
9,0.005762314031782903
10,0.0066225890217250895
11,0.006837798184470127
12,0.006896557997127897
13,0.008322946359648517
14,0.0073652791937715125
15,0.007041874880853452
16,0.006661542127595136
17,0.007026172635194503
18,0.007772089962504412
19,0.00727722242376522
