epoch,train_loss
0,1.8236485029211138
1,1.8091849200796373
2,1.9479546440709936
3,2.0537359661395005
4,2.0974273746556573
5,2.1217169773460616
6,2.1981830974616625
7,2.2070131744488632
8,2.26707666463191
9,2.3241026808719822
10,2.297231138342678
11,2.320042878684431
12,2.373211145401001
13,2.3849548007001973
14,2.41881530473728
15,2.459182271862974
16,2.4474233920031256
17,2.474915791266035
18,2.489134419082415
19,2.49224850682929
