epoch,train_acc
0,0.5888029399671053
1,0.7127621299342105
2,0.767565275493421
3,0.796643708881579
4,0.8206208881578947
5,0.8355520148026315
6,0.8469623766447368
7,0.8458316200657895
8,0.8651058799342105
9,0.8760279605263158
10,0.8809236225328947
11,0.8850611636513158
12,0.8920127467105263
13,0.899401212993421
14,0.9020610608552632
15,0.9056203741776315
16,0.9016627261513158
17,0.9014571340460527
18,0.9124820106907895
19,0.9215152138157895
