epoch,train_loss
0,1.7728985798986334
1,1.155068604569686
2,0.9441933161333987
3,0.8090827276832179
4,0.7198997108559859
5,0.6721142687295613
6,0.6182179419617904
7,0.6199025041178653
8,0.5564336588508204
9,0.5145215235258404
10,0.48771835157745763
11,0.482980971273623
12,0.4463441230748829
13,0.41888378638970225
14,0.4133107097525346
15,0.39511072635650635
16,0.4041645558256852
17,0.3996841233027609
18,0.36214797277199595
19,0.3306404540413304
