epoch,train_loss
0,3.4880681562423708
1,3.3026229333877564
2,3.2991371536254883
3,3.3182871913909913
4,3.3074584102630613
5,3.343621850013733
6,3.2998476457595824
7,3.313995838165283
8,3.30813449382782
9,3.297517247200012
10,3.2963098812103273
11,3.2905553865432737
12,3.2989948272705076
13,3.2871005487442018
14,3.308410978317261
15,3.2940509271621705
16,3.298776412010193
17,3.2887950801849364
18,3.2872549152374266
19,3.296662335395813
