epoch,train_reward
0,0.6575369077920914
1,0.6212485420703888
2,0.6852928555011749
3,0.711558917760849
4,0.691004000902176
5,0.7279318726062775
6,0.7269174802303314
7,0.7082955825328827
8,0.7080930030345917
9,0.7768369901180268
10,0.7525269055366516
11,0.7244628727436065
12,0.7774893605709076
13,0.7577707135677337
14,0.7813349103927613
15,0.7714753758907318
16,0.7637293100357055
17,0.7407583403587341
18,0.7752754020690918
19,0.795726764202118
