epoch,train_loss
0,1.6559657109411139
1,1.0240954443028099
2,0.8395239804920397
3,0.7625680942284433
4,0.6614734781415839
5,0.591852112820274
6,0.5854772988118624
7,0.5588512702992088
8,0.5105761352338289
9,0.45435806481461777
10,0.42360465934402064
11,0.4187392592430115
12,0.40029728098919515
13,0.3747398194513823
14,0.34729766061431483
15,0.32592497060173437
16,0.3029922419472745
17,0.31853759916205154
18,0.30887674344213384
19,0.28517492821342066
