epoch,train_reward
0,0.01955254125948015
1,0.015202385814566361
2,0.013826464351854827
3,0.014850079670156302
4,0.013929048062939393
5,0.01391218053667169
6,0.01263064273486012
7,0.014588959073941959
8,0.013434220791647309
9,0.012346025850427779
10,0.012855055889016703
11,0.011762051696055814
12,0.011815708473716912
13,0.011258883303717562
14,0.011143919472631655
15,0.0107033450744654
16,0.011056079725293736
17,0.010790289918843069
18,0.010489629385502715
19,0.01096754285850023
