epoch,train_loss
0,0.8096081891964222
1,0.48670594085907115
2,0.3928854604219568
3,0.33264259685730113
4,0.29187038027007006
5,0.2641345163186391
6,0.24455830668923498
7,0.2292110124367407
8,0.2169265170720802
9,0.20802435672831263
10,0.20113083797282186
11,0.1948056954933309
12,0.19048517805406417
13,0.1878936312150681
14,0.1853146435714316
15,0.18255423506100973
16,0.18027542180371012
17,0.17845205791380214
18,0.17680103092015476
19,0.1746542572803881
