epoch,train_acc
0,0.2062474300986842
1,0.2217310855263158
2,0.21849300986842105
3,0.21907123766447367
4,0.221435546875
5,0.21875
6,0.22256630345394737
7,0.21989360608552633
8,0.22129420230263158
9,0.22107576069078946
10,0.22503340871710525
11,0.22201377467105263
12,0.22341437088815788
13,0.22140984786184212
14,0.22310598273026316
15,0.22171823601973684
16,0.22278474506578946
17,0.22365851151315788
18,0.22096011513157895
19,0.22471217105263158
