epoch,train_loss
0,4.050781388031809
1,3.9105133633864555
2,3.874396048094097
3,3.9258369019157007
4,3.8831606413188733
5,3.868997749529387
6,3.8694167890046773
7,3.869480057766563
8,3.86442242170635
9,3.8568215370178223
10,3.8602912049544487
11,3.8716688909028707
12,3.8369330606962504
13,3.8845162893596448
14,3.8912686046801115
15,3.875512637590107
16,3.877362740667243
17,3.855445661042866
18,3.868797264601055
19,3.8278488108986304
