epoch,train_loss
0,3.059410935954044
1,2.8565488489050614
2,2.789322564476415
3,2.7775440843481767
4,2.7513818740844727
5,2.733152289139597
6,2.712069185156571
7,2.704814597180015
8,2.6906770781466833
9,2.676647738406533
10,2.683773216448332
11,2.6900627864034554
12,2.6749529587595084
13,2.6581857957338033
14,2.6463944033572546
15,2.6497875891233744
16,2.651291244908383
17,2.641721662722136
18,2.6505657120754846
19,2.640106389397069
