epoch,train_reward
0,0.18463229819347984
1,0.2688021989245164
2,0.29427620533265564
3,0.38530173740888896
4,0.3490967350570779
5,0.34292332279054744
6,0.2518794850299233
7,0.40845900617147746
8,0.3021869879019888
9,0.29375297301693964
10,0.39022948083124664
11,0.33962748866332204
12,0.30186672195007924
13,0.30923980003909063
14,0.2734404057264328
15,0.30318865650578547
16,0.29989166793070343
17,0.2842650476254915
18,0.3165195521555449
19,0.2990353264306721
