epoch,train_loss
0,3.030393914172524
1,2.866506287926122
2,2.78851906876815
3,2.7713698587919535
4,2.7465852436266447
5,2.7548553065249792
6,2.7487132925736275
7,2.716970029630159
8,2.696980300702547
9,2.7259049039137992
10,2.7120280767741956
11,2.7093326167056433
12,2.6939853116085657
13,2.681156597639385
14,2.6688524798343054
15,2.651120562302439
16,2.6504608957391036
17,2.6717084708966707
18,2.660853473763717
19,2.647575955641897
