epoch,train_reward
0,0.013071168336625161
1,0.011561940742754623
2,0.013440949450197973
3,0.01031618719724448
4,0.0141747575743418
5,0.01547850330213183
6,0.016136814251934226
7,0.01570453499688914
8,0.015908142649813703
9,0.010989877934518614
10,0.013098937361256072
11,0.01749237278770459
12,0.011849509110968364
13,0.013352149705353537
14,0.014810364742420222
15,0.016853727498336843
16,0.012849416926895318
17,0.01382503580105932
18,0.014796096586475247
19,0.018360643745645097
