epoch,train_acc
0,0.24551569506726456
1,0.24268563445908073
2,0.24076754309136772
3,0.24096789167600896
4,0.24066901100056054
5,0.24080367152466367
6,0.2408901608043722
7,0.24111459501121077
8,0.24024094380605382
9,0.2417725704176009
10,0.23868304197029147
11,0.23718754379204035
12,0.23700580682455158
13,0.2373703755605381
14,0.238037109375
15,0.23766925623598656
16,0.23912096237387892
17,0.24079491311659193
18,0.23900381866591927
19,0.23765173941984305
