epoch,train_loss
0,2.2653427004814146
1,1.9310613322257995
2,1.9046555137634278
3,1.8829984951019287
4,1.8479168796539307
5,1.8144216179847716
6,1.7859505915641785
7,1.7986781048774718
8,1.7786590695381164
9,1.7667856431007385
10,1.7583922290802
11,1.7098316287994384
12,1.6793297266960143
13,1.644762976169586
14,1.6274457359313965
15,1.6241870498657227
16,1.5523571109771728
17,1.5400428152084351
18,1.5057831168174745
19,1.4973881649971008
