epoch,train_loss
0,1.6919793952470539
1,1.4011666809005299
2,1.3041441358368973
3,1.2713341137458538
4,1.19062628828246
5,1.0986935903971222
6,1.0262657040837166
7,0.9879299285768093
8,0.9474430471316151
9,0.9054514316991827
10,0.8891586866872064
11,0.8645556226543997
12,0.8235032640654465
13,0.828405994450909
14,0.8218871245439026
15,0.7852627700087668
16,0.7736314315905516
17,0.7733919007339697
18,0.8002439384487854
19,0.7774598790311266
