epoch,train_reward
0,0.07655595595166943
1,0.08083598414200475
2,0.09607791960581966
3,0.07278542962439101
4,0.07868509343557659
5,0.06462532438166525
6,0.05922623124273344
7,0.050696256163733446
8,0.04905918283366609
9,0.04952416513329265
10,0.04594948761507697
11,0.042725898100641264
12,0.04405392798455967
13,0.04448408378694935
14,0.0505311865488003
15,0.043461108676575384
16,0.04385364202290088
17,0.040915902211577045
18,0.04092423481888127
19,0.03907893658562125
