epoch,train_acc
0,0.21281352796052633
1,0.21183696546052633
2,0.21923828125
3,0.21835166529605263
4,0.22579152960526316
5,0.22320877878289475
6,0.22056178042763158
7,0.22381270559210525
8,0.22638260690789475
9,0.22063887746710525
10,0.2234400699013158
11,0.22388980263157895
12,0.22415964226973684
13,0.22418534128289475
14,0.22243780838815788
15,0.22467362253289475
16,0.22359426398026316
17,0.22234786184210525
18,0.22243780838815788
19,0.2217310855263158
