epoch,train_loss
0,4.032069256431178
1,3.913174842533312
2,3.8410778924038538
3,3.8043412158363745
4,3.7927175823010897
5,3.81967168105276
6,3.8313630631095483
7,3.804260956613641
8,3.789602881983707
9,3.810821219494468
10,3.8123251889881336
11,3.8108677362140857
12,3.8250775588186166
13,3.8175367179669832
14,3.8387495843987716
15,3.8324070353257027
16,3.803980676751388
17,3.805748876772429
18,3.815205498745567
19,3.824337407162315
