epoch,train_loss
0,3.419750101264866
1,3.3973551646046256
2,3.442574011868444
3,3.428415425892534
4,3.4560560755346015
5,3.45422022918175
6,3.4569864231964638
7,3.456345407442115
8,3.457493627208403
9,3.466838044681768
10,3.446849906581572
11,3.443156582185592
12,3.464829302382195
13,3.4593582043702575
14,3.4573377494154305
15,3.4452580775337656
16,3.447535786135443
17,3.4492143584393906
18,3.442514020821144
19,3.4530303286409927
