epoch,train_reward
0,0.3199922977679077
1,0.44098153333554324
2,0.42250443900796186
3,0.45213942409589375
4,0.4152082383803938
5,0.4953438110392669
6,0.45350789184542906
7,0.4926611218473007
8,0.4878949474157958
9,0.4600137485854927
10,0.5162882486294056
11,0.5048119204825369
12,0.46780772609957333
13,0.5160327802101771
14,0.5247840050650739
15,0.4991032671311806
16,0.4750173645115447
17,0.48563909136700906
18,0.4721058947944093
19,0.4498837184289406
