epoch,train_acc
0,0.2155509914517937
1,0.21847739454876683
2,0.21875875840807174
3,0.21903902746636772
4,0.22026520459641255
5,0.2213840912275785
6,0.22094945522701795
7,0.22170924712724216
8,0.2217672715807175
9,0.2230262927410314
10,0.2228128065442825
11,0.22299892271580718
12,0.22248436624159193
13,0.2229518462724215
14,0.22374010299887892
15,0.22512831067825112
16,0.2245820049747758
17,0.22476702634529147
18,0.22616946643778027
19,0.2252268427690583
