epoch,train_loss
0,4.090049703024962
1,4.049083186906549
2,4.049523307603571
3,4.0440126641448835
4,4.037219860094011
5,4.024208647253268
6,4.022479679552429
7,4.020386628505895
8,4.012390983478905
9,4.002934447318449
10,4.000081316772598
11,3.9910771119754944
12,4.001309318927372
13,3.9911073002580038
14,3.9866093135200806
15,3.9736497669476565
16,3.9748059324084912
17,3.971453171674446
18,3.965743306506375
19,3.964372169811095
