epoch,train_reward
0,0.41055831754154154
1,0.4208886830528755
2,0.44639736774790983
3,0.4485134771051963
4,0.45505412651284394
5,0.44973936757164684
6,0.4376755950162229
7,0.4396388699121005
8,0.4461920113039658
9,0.46014044343623345
10,0.46361778014978483
11,0.4689404579556042
12,0.4624774246205129
13,0.4353883935998908
14,0.45121534576330485
15,0.43842308497215066
16,0.4459128206086266
17,0.45435131237645854
18,0.450225616650731
19,0.4196846248590358
